Workbook
Name TiposDeManutencao: Deflatores!$G$4:$G$38
Name TiposDeFuncao: Deflatores!$L$37:$L$64
Name TiposDeFuncao: Deflatores!$L$37:$L$64
Name TiposDeManutencao: Deflatores!$G$4:$G$38

Sheet Contagem
A1: Identificação da Contagem
A4: Empresa | F4: Secretaria de Estado de Planejamento e Gestão de Mato Grosso | O4: PF IFPUG | Q4: =#REF! -> #REF!
A5: Aplicação | F5: MANOPLA | O5: PF Local do EM | Q5: =#REF! -> #REF!
A6: Tipo de Contagem | F6: Aplicação | O6: PF Local da FS | Q6: =#REF! -> #REF!
A7: Nível de Detalhe | F7: Detalhada (IFPUG) | O7: Tecnologia | R7: JAVA
A8: Projeto | F8: MANOPLA | O8: Versão do Guia | R8: 4.3.1
A9: Responsável | F9: João Cleber | O9: Criação
A10: Revisor | F10: João Cleber | O10: Revisão
A11: Propósito da Contagem
A12: Criar a linha de base (baseline) para o produto de software/módulo MANOPLA afim de propiciar o planejamento, execução e monitoramento do processo de desenvolvimento de software do referido produto. - Dar suporte à análise de qualidade e produtividade; - Estimar o custos e recursos requeridos para o desenvolvimento, melhoria e manutenção do software; - Fornecer um fator de normalização para a comparação de software; - Determinar o tamanho de um pacote de aplicação adquirido, por meio do dimensionamento funcional de todas as funções incluídas no mesmo; - Ajudar os usuários a determinar o benefício provido por um pacote de aplicação para a sua organização, por meio do dimensionamento funcional das funções que correspondam especificamente aos seus requisitos.
A16: Escopo da Contagem
A17: Pesquisa/Diagnóstico
A21: Documentação Utilizada na Análise
A22: Versão 1.8.0

Sheet SPRINT1
A1: Planilha de contagem de ponto de função - Versão 2.4
A4: =Contagem!A5&" : "&Contagem!F5 -> Aplicação : MANOPLA | B4: =Contagem!A8&" : "&Contagem!F8 -> Projeto : MANOPLA | K4: PF IFPUG | L4: =SUM(H8:H807) -> 380
A5: =Contagem!A9&" : "&Contagem!F9 -> Responsável : João Cleber | B5: =Contagem!A10&" : "&Contagem!F10 -> Revisor : João Cleber | K5: PF Local do EM | L5: =SUM(K8:K807) -> 380
A6: =Contagem!A4&" : "&Contagem!F4 -> Empresa : Secretaria de Estado de Planejamento e Gestão de Mato Grosso | B6: ="Tipo da Contagem : "&Contagem!F6 -> Tipo da Contagem : Aplicação | K6: PF Local da FS | L6: =SUM(L8:L807) -> 380
A7: Nome da Função | B7: Tipo | C7: Manutenção | D7: TD | E7: AR/TR | F7: Complex. | G7: ctl | H7: PF IFPUG | I7: C | J7: ctl2 | K7: PF Local do EM | L7: PF Local da FS | M7: Pacote | N7: Referência | O7: Observações
A8: US 001 - Manter Termo | B8: ALI | C8: I | F8: =IF(ISBLANK(B8),"",IF(I8="L","Baixa",IF(I8="A","Média",IF(I8="","","Alta")))) -> Baixa | G8: =CONCATENATE(B8,I8) -> ALIL | H8: =IF(ISBLANK(B8),"",IF(B8="ALI",IF(I8="L",7,IF(I8="A",10,15)),IF(B8="AIE",IF(I8="L",5,IF(I8="A",7,10)),IF(B8="SE",IF(I8="L",4,IF(I8="A",5,7)),IF(OR(B8="EE",B8="CE"),IF(I8="L",3,IF(I8="A",4,6)),0))))) -> 7 | I8: =IF(OR(ISBLANK(D8),ISBLANK(E8)),IF(OR(B8="ALI",B8="AIE"),"L",IF(OR(B8="EE",B8="SE",B8="CE"),"A","")),IF(B8="EE",IF(E8>=3,IF(D8>=5,"H","A"),IF(E8>=2,IF(D8>=16,"H",IF(D8<=4,"L","A")),IF(D8<=15,"L","A"))),IF(OR(B8="SE",B8="CE"),IF(E8>=4,IF(D8>=6,"H","A"),IF(E8>=2,IF(D8>=20,"H",IF(D8<=5,"L","A")),IF(D8<=19,"L","A"))),IF(OR(B8="ALI",B8="AIE"),IF(E8>=6,IF(D8>=20,"H","A"),IF(E8>=2,IF(D8>=51,"H",IF(D8<=19,"L","A")),IF(D8<=50,"L","A"))),"")))) -> L | J8: =CONCATENATE(B8,C8) -> ALII | K8: =IF(OR(H8="",H8=0),L8,H8) -> 7 | L8: =IF(NOT(ISERROR(VLOOKUP(B8,Deflatores!G$42:H$64,2,FALSE))),VLOOKUP(B8,Deflatores!G$42:H$64,2,FALSE),IF(OR(ISBLANK(C8),ISBLANK(B8)),"",VLOOKUP(C8,Deflatores!G$4:H$38,2,FALSE)*H8+VLOOKUP(C8,Deflatores!G$4:I$38,3,FALSE))) -> 7
A9: US 001 - Manter Termo - Consulta | B9: CE | C9: I | F9: =IF(ISBLANK(B9),"",IF(I9="L","Baixa",IF(I9="A","Média",IF(I9="","","Alta")))) -> Média | G9: =CONCATENATE(B9,I9) -> CEA | H9: =IF(ISBLANK(B9),"",IF(B9="ALI",IF(I9="L",7,IF(I9="A",10,15)),IF(B9="AIE",IF(I9="L",5,IF(I9="A",7,10)),IF(B9="SE",IF(I9="L",4,IF(I9="A",5,7)),IF(OR(B9="EE",B9="CE"),IF(I9="L",3,IF(I9="A",4,6)),0))))) -> 4 | I9: =IF(OR(ISBLANK(D9),ISBLANK(E9)),IF(OR(B9="ALI",B9="AIE"),"L",IF(OR(B9="EE",B9="SE",B9="CE"),"A","")),IF(B9="EE",IF(E9>=3,IF(D9>=5,"H","A"),IF(E9>=2,IF(D9>=16,"H",IF(D9<=4,"L","A")),IF(D9<=15,"L","A"))),IF(OR(B9="SE",B9="CE"),IF(E9>=4,IF(D9>=6,"H","A"),IF(E9>=2,IF(D9>=20,"H",IF(D9<=5,"L","A")),IF(D9<=19,"L","A"))),IF(OR(B9="ALI",B9="AIE"),IF(E9>=6,IF(D9>=20,"H","A"),IF(E9>=2,IF(D9>=51,"H",IF(D9<=19,"L","A")),IF(D9<=50,"L","A"))),"")))) -> A | J9: =CONCATENATE(B9,C9) -> CEI | K9: =IF(OR(H9="",H9=0),L9,H9) -> 4 | L9: =IF(NOT(ISERROR(VLOOKUP(B9,Deflatores!G$42:H$64,2,FALSE))),VLOOKUP(B9,Deflatores!G$42:H$64,2,FALSE),IF(OR(ISBLANK(C9),ISBLANK(B9)),"",VLOOKUP(C9,Deflatores!G$4:H$38,2,FALSE)*H9+VLOOKUP(C9,Deflatores!G$4:I$38,3,FALSE))) -> 4
A10: US 001 - Manter Termo - Adicionar | B10: EE | C10: I | F10: =IF(ISBLANK(B10),"",IF(I10="L","Baixa",IF(I10="A","Média",IF(I10="","","Alta")))) -> Média | G10: =CONCATENATE(B10,I10) -> EEA | H10: =IF(ISBLANK(B10),"",IF(B10="ALI",IF(I10="L",7,IF(I10="A",10,15)),IF(B10="AIE",IF(I10="L",5,IF(I10="A",7,10)),IF(B10="SE",IF(I10="L",4,IF(I10="A",5,7)),IF(OR(B10="EE",B10="CE"),IF(I10="L",3,IF(I10="A",4,6)),0))))) -> 4 | I10: =IF(OR(ISBLANK(D10),ISBLANK(E10)),IF(OR(B10="ALI",B10="AIE"),"L",IF(OR(B10="EE",B10="SE",B10="CE"),"A","")),IF(B10="EE",IF(E10>=3,IF(D10>=5,"H","A"),IF(E10>=2,IF(D10>=16,"H",IF(D10<=4,"L","A")),IF(D10<=15,"L","A"))),IF(OR(B10="SE",B10="CE"),IF(E10>=4,IF(D10>=6,"H","A"),IF(E10>=2,IF(D10>=20,"H",IF(D10<=5,"L","A")),IF(D10<=19,"L","A"))),IF(OR(B10="ALI",B10="AIE"),IF(E10>=6,IF(D10>=20,"H","A"),IF(E10>=2,IF(D10>=51,"H",IF(D10<=19,"L","A")),IF(D10<=50,"L","A"))),"")))) -> A | J10: =CONCATENATE(B10,C10) -> EEI | K10: =IF(OR(H10="",H10=0),L10,H10) -> 4 | L10: =IF(NOT(ISERROR(VLOOKUP(B10,Deflatores!G$42:H$64,2,FALSE))),VLOOKUP(B10,Deflatores!G$42:H$64,2,FALSE),IF(OR(ISBLANK(C10),ISBLANK(B10)),"",VLOOKUP(C10,Deflatores!G$4:H$38,2,FALSE)*H10+VLOOKUP(C10,Deflatores!G$4:I$38,3,FALSE))) -> 4
A11: US 001 - Manter Termo - Alterar | B11: EE | C11: I | F11: =IF(ISBLANK(B11),"",IF(I11="L","Baixa",IF(I11="A","Média",IF(I11="","","Alta")))) -> Média | G11: =CONCATENATE(B11,I11) -> EEA | H11: =IF(ISBLANK(B11),"",IF(B11="ALI",IF(I11="L",7,IF(I11="A",10,15)),IF(B11="AIE",IF(I11="L",5,IF(I11="A",7,10)),IF(B11="SE",IF(I11="L",4,IF(I11="A",5,7)),IF(OR(B11="EE",B11="CE"),IF(I11="L",3,IF(I11="A",4,6)),0))))) -> 4 | I11: =IF(OR(ISBLANK(D11),ISBLANK(E11)),IF(OR(B11="ALI",B11="AIE"),"L",IF(OR(B11="EE",B11="SE",B11="CE"),"A","")),IF(B11="EE",IF(E11>=3,IF(D11>=5,"H","A"),IF(E11>=2,IF(D11>=16,"H",IF(D11<=4,"L","A")),IF(D11<=15,"L","A"))),IF(OR(B11="SE",B11="CE"),IF(E11>=4,IF(D11>=6,"H","A"),IF(E11>=2,IF(D11>=20,"H",IF(D11<=5,"L","A")),IF(D11<=19,"L","A"))),IF(OR(B11="ALI",B11="AIE"),IF(E11>=6,IF(D11>=20,"H","A"),IF(E11>=2,IF(D11>=51,"H",IF(D11<=19,"L","A")),IF(D11<=50,"L","A"))),"")))) -> A | J11: =CONCATENATE(B11,C11) -> EEI | K11: =IF(OR(H11="",H11=0),L11,H11) -> 4 | L11: =IF(NOT(ISERROR(VLOOKUP(B11,Deflatores!G$42:H$64,2,FALSE))),VLOOKUP(B11,Deflatores!G$42:H$64,2,FALSE),IF(OR(ISBLANK(C11),ISBLANK(B11)),"",VLOOKUP(C11,Deflatores!G$4:H$38,2,FALSE)*H11+VLOOKUP(C11,Deflatores!G$4:I$38,3,FALSE))) -> 4
A12: US 001 - Manter Termo - Excluir | B12: EE | C12: I | F12: =IF(ISBLANK(B12),"",IF(I12="L","Baixa",IF(I12="A","Média",IF(I12="","","Alta")))) -> Média | G12: =CONCATENATE(B12,I12) -> EEA | H12: =IF(ISBLANK(B12),"",IF(B12="ALI",IF(I12="L",7,IF(I12="A",10,15)),IF(B12="AIE",IF(I12="L",5,IF(I12="A",7,10)),IF(B12="SE",IF(I12="L",4,IF(I12="A",5,7)),IF(OR(B12="EE",B12="CE"),IF(I12="L",3,IF(I12="A",4,6)),0))))) -> 4 | I12: =IF(OR(ISBLANK(D12),ISBLANK(E12)),IF(OR(B12="ALI",B12="AIE"),"L",IF(OR(B12="EE",B12="SE",B12="CE"),"A","")),IF(B12="EE",IF(E12>=3,IF(D12>=5,"H","A"),IF(E12>=2,IF(D12>=16,"H",IF(D12<=4,"L","A")),IF(D12<=15,"L","A"))),IF(OR(B12="SE",B12="CE"),IF(E12>=4,IF(D12>=6,"H","A"),IF(E12>=2,IF(D12>=20,"H",IF(D12<=5,"L","A")),IF(D12<=19,"L","A"))),IF(OR(B12="ALI",B12="AIE"),IF(E12>=6,IF(D12>=20,"H","A"),IF(E12>=2,IF(D12>=51,"H",IF(D12<=19,"L","A")),IF(D12<=50,"L","A"))),"")))) -> A | J12: =CONCATENATE(B12,C12) -> EEI | K12: =IF(OR(H12="",H12=0),L12,H12) -> 4 | L12: =IF(NOT(ISERROR(VLOOKUP(B12,Deflatores!G$42:H$64,2,FALSE))),VLOOKUP(B12,Deflatores!G$42:H$64,2,FALSE),IF(OR(ISBLANK(C12),ISBLANK(B12)),"",VLOOKUP(C12,Deflatores!G$4:H$38,2,FALSE)*H12+VLOOKUP(C12,Deflatores!G$4:I$38,3,FALSE))) -> 4
A13: US 001 - Manter Termo - Visualizar | B13: SE | C13: I | F13: =IF(ISBLANK(B13),"",IF(I13="L","Baixa",IF(I13="A","Média",IF(I13="","","Alta")))) -> Média | G13: =CONCATENATE(B13,I13) -> SEA | H13: =IF(ISBLANK(B13),"",IF(B13="ALI",IF(I13="L",7,IF(I13="A",10,15)),IF(B13="AIE",IF(I13="L",5,IF(I13="A",7,10)),IF(B13="SE",IF(I13="L",4,IF(I13="A",5,7)),IF(OR(B13="EE",B13="CE"),IF(I13="L",3,IF(I13="A",4,6)),0))))) -> 5 | I13: =IF(OR(ISBLANK(D13),ISBLANK(E13)),IF(OR(B13="ALI",B13="AIE"),"L",IF(OR(B13="EE",B13="SE",B13="CE"),"A","")),IF(B13="EE",IF(E13>=3,IF(D13>=5,"H","A"),IF(E13>=2,IF(D13>=16,"H",IF(D13<=4,"L","A")),IF(D13<=15,"L","A"))),IF(OR(B13="SE",B13="CE"),IF(E13>=4,IF(D13>=6,"H","A"),IF(E13>=2,IF(D13>=20,"H",IF(D13<=5,"L","A")),IF(D13<=19,"L","A"))),IF(OR(B13="ALI",B13="AIE"),IF(E13>=6,IF(D13>=20,"H","A"),IF(E13>=2,IF(D13>=51,"H",IF(D13<=19,"L","A")),IF(D13<=50,"L","A"))),"")))) -> A | J13: =CONCATENATE(B13,C13) -> SEI | K13: =IF(OR(H13="",H13=0),L13,H13) -> 5 | L13: =IF(NOT(ISERROR(VLOOKUP(B13,Deflatores!G$42:H$64,2,FALSE))),VLOOKUP(B13,Deflatores!G$42:H$64,2,FALSE),IF(OR(ISBLANK(C13),ISBLANK(B13)),"",VLOOKUP(C13,Deflatores!G$4:H$38,2,FALSE)*H13+VLOOKUP(C13,Deflatores!G$4:I$38,3,FALSE))) -> 5
A14: US 002 - Manter Relatorio | B14: ALI | C14: I | F14: =IF(ISBLANK(B14),"",IF(I14="L","Baixa",IF(I14="A","Média",IF(I14="","","Alta")))) -> Baixa | G14: =CONCATENATE(B14,I14) -> ALIL | H14: =IF(ISBLANK(B14),"",IF(B14="ALI",IF(I14="L",7,IF(I14="A",10,15)),IF(B14="AIE",IF(I14="L",5,IF(I14="A",7,10)),IF(B14="SE",IF(I14="L",4,IF(I14="A",5,7)),IF(OR(B14="EE",B14="CE"),IF(I14="L",3,IF(I14="A",4,6)),0))))) -> 7 | I14: =IF(OR(ISBLANK(D14),ISBLANK(E14)),IF(OR(B14="ALI",B14="AIE"),"L",IF(OR(B14="EE",B14="SE",B14="CE"),"A","")),IF(B14="EE",IF(E14>=3,IF(D14>=5,"H","A"),IF(E14>=2,IF(D14>=16,"H",IF(D14<=4,"L","A")),IF(D14<=15,"L","A"))),IF(OR(B14="SE",B14="CE"),IF(E14>=4,IF(D14>=6,"H","A"),IF(E14>=2,IF(D14>=20,"H",IF(D14<=5,"L","A")),IF(D14<=19,"L","A"))),IF(OR(B14="ALI",B14="AIE"),IF(E14>=6,IF(D14>=20,"H","A"),IF(E14>=2,IF(D14>=51,"H",IF(D14<=19,"L","A")),IF(D14<=50,"L","A"))),"")))) -> L | J14: =CONCATENATE(B14,C14) -> ALII | K14: =IF(OR(H14="",H14=0),L14,H14) -> 7 | L14: =IF(NOT(ISERROR(VLOOKUP(B14,Deflatores!G$42:H$64,2,FALSE))),VLOOKUP(B14,Deflatores!G$42:H$64,2,FALSE),IF(OR(ISBLANK(C14),ISBLANK(B14)),"",VLOOKUP(C14,Deflatores!G$4:H$38,2,FALSE)*H14+VLOOKUP(C14,Deflatores!G$4:I$38,3,FALSE))) -> 7
A15: US 002 - Manter Relatorio - Consulta | B15: CE | C15: I | F15: =IF(ISBLANK(B15),"",IF(I15="L","Baixa",IF(I15="A","Média",IF(I15="","","Alta")))) -> Média | G15: =CONCATENATE(B15,I15) -> CEA | H15: =IF(ISBLANK(B15),"",IF(B15="ALI",IF(I15="L",7,IF(I15="A",10,15)),IF(B15="AIE",IF(I15="L",5,IF(I15="A",7,10)),IF(B15="SE",IF(I15="L",4,IF(I15="A",5,7)),IF(OR(B15="EE",B15="CE"),IF(I15="L",3,IF(I15="A",4,6)),0))))) -> 4 | I15: =IF(OR(ISBLANK(D15),ISBLANK(E15)),IF(OR(B15="ALI",B15="AIE"),"L",IF(OR(B15="EE",B15="SE",B15="CE"),"A","")),IF(B15="EE",IF(E15>=3,IF(D15>=5,"H","A"),IF(E15>=2,IF(D15>=16,"H",IF(D15<=4,"L","A")),IF(D15<=15,"L","A"))),IF(OR(B15="SE",B15="CE"),IF(E15>=4,IF(D15>=6,"H","A"),IF(E15>=2,IF(D15>=20,"H",IF(D15<=5,"L","A")),IF(D15<=19,"L","A"))),IF(OR(B15="ALI",B15="AIE"),IF(E15>=6,IF(D15>=20,"H","A"),IF(E15>=2,IF(D15>=51,"H",IF(D15<=19,"L","A")),IF(D15<=50,"L","A"))),"")))) -> A | J15: =CONCATENATE(B15,C15) -> CEI | K15: =IF(OR(H15="",H15=0),L15,H15) -> 4 | L15: =IF(NOT(ISERROR(VLOOKUP(B15,Deflatores!G$42:H$64,2,FALSE))),VLOOKUP(B15,Deflatores!G$42:H$64,2,FALSE),IF(OR(ISBLANK(C15),ISBLANK(B15)),"",VLOOKUP(C15,Deflatores!G$4:H$38,2,FALSE)*H15+VLOOKUP(C15,Deflatores!G$4:I$38,3,FALSE))) -> 4
A16: US 002 - Manter Relatorio - Adicionar | B16: EE | C16: I | F16: =IF(ISBLANK(B16),"",IF(I16="L","Baixa",IF(I16="A","Média",IF(I16="","","Alta")))) -> Média | G16: =CONCATENATE(B16,I16) -> EEA | H16: =IF(ISBLANK(B16),"",IF(B16="ALI",IF(I16="L",7,IF(I16="A",10,15)),IF(B16="AIE",IF(I16="L",5,IF(I16="A",7,10)),IF(B16="SE",IF(I16="L",4,IF(I16="A",5,7)),IF(OR(B16="EE",B16="CE"),IF(I16="L",3,IF(I16="A",4,6)),0))))) -> 4 | I16: =IF(OR(ISBLANK(D16),ISBLANK(E16)),IF(OR(B16="ALI",B16="AIE"),"L",IF(OR(B16="EE",B16="SE",B16="CE"),"A","")),IF(B16="EE",IF(E16>=3,IF(D16>=5,"H","A"),IF(E16>=2,IF(D16>=16,"H",IF(D16<=4,"L","A")),IF(D16<=15,"L","A"))),IF(OR(B16="SE",B16="CE"),IF(E16>=4,IF(D16>=6,"H","A"),IF(E16>=2,IF(D16>=20,"H",IF(D16<=5,"L","A")),IF(D16<=19,"L","A"))),IF(OR(B16="ALI",B16="AIE"),IF(E16>=6,IF(D16>=20,"H","A"),IF(E16>=2,IF(D16>=51,"H",IF(D16<=19,"L","A")),IF(D16<=50,"L","A"))),"")))) -> A | J16: =CONCATENATE(B16,C16) -> EEI | K16: =IF(OR(H16="",H16=0),L16,H16) -> 4 | L16: =IF(NOT(ISERROR(VLOOKUP(B16,Deflatores!G$42:H$64,2,FALSE))),VLOOKUP(B16,Deflatores!G$42:H$64,2,FALSE),IF(OR(ISBLANK(C16),ISBLANK(B16)),"",VLOOKUP(C16,Deflatores!G$4:H$38,2,FALSE)*H16+VLOOKUP(C16,Deflatores!G$4:I$38,3,FALSE))) -> 4
A17: US 002 - Manter Relatorio - Alterar | B17: EE | C17: I | F17: =IF(ISBLANK(B17),"",IF(I17="L","Baixa",IF(I17="A","Média",IF(I17="","","Alta")))) -> Média | G17: =CONCATENATE(B17,I17) -> EEA | H17: =IF(ISBLANK(B17),"",IF(B17="ALI",IF(I17="L",7,IF(I17="A",10,15)),IF(B17="AIE",IF(I17="L",5,IF(I17="A",7,10)),IF(B17="SE",IF(I17="L",4,IF(I17="A",5,7)),IF(OR(B17="EE",B17="CE"),IF(I17="L",3,IF(I17="A",4,6)),0))))) -> 4 | I17: =IF(OR(ISBLANK(D17),ISBLANK(E17)),IF(OR(B17="ALI",B17="AIE"),"L",IF(OR(B17="EE",B17="SE",B17="CE"),"A","")),IF(B17="EE",IF(E17>=3,IF(D17>=5,"H","A"),IF(E17>=2,IF(D17>=16,"H",IF(D17<=4,"L","A")),IF(D17<=15,"L","A"))),IF(OR(B17="SE",B17="CE"),IF(E17>=4,IF(D17>=6,"H","A"),IF(E17>=2,IF(D17>=20,"H",IF(D17<=5,"L","A")),IF(D17<=19,"L","A"))),IF(OR(B17="ALI",B17="AIE"),IF(E17>=6,IF(D17>=20,"H","A"),IF(E17>=2,IF(D17>=51,"H",IF(D17<=19,"L","A")),IF(D17<=50,"L","A"))),"")))) -> A | J17: =CONCATENATE(B17,C17) -> EEI | K17: =IF(OR(H17="",H17=0),L17,H17) -> 4 | L17: =IF(NOT(ISERROR(VLOOKUP(B17,Deflatores!G$42:H$64,2,FALSE))),VLOOKUP(B17,Deflatores!G$42:H$64,2,FALSE),IF(OR(ISBLANK(C17),ISBLANK(B17)),"",VLOOKUP(C17,Deflatores!G$4:H$38,2,FALSE)*H17+VLOOKUP(C17,Deflatores!G$4:I$38,3,FALSE))) -> 4
A18: US 002 - Manter Relatorio - Excluir | B18: EE | C18: I | F18: =IF(ISBLANK(B18),"",IF(I18="L","Baixa",IF(I18="A","Média",IF(I18="","","Alta")))) -> Média | G18: =CONCATENATE(B18,I18) -> EEA | H18: =IF(ISBLANK(B18),"",IF(B18="ALI",IF(I18="L",7,IF(I18="A",10,15)),IF(B18="AIE",IF(I18="L",5,IF(I18="A",7,10)),IF(B18="SE",IF(I18="L",4,IF(I18="A",5,7)),IF(OR(B18="EE",B18="CE"),IF(I18="L",3,IF(I18="A",4,6)),0))))) -> 4 | I18: =IF(OR(ISBLANK(D18),ISBLANK(E18)),IF(OR(B18="ALI",B18="AIE"),"L",IF(OR(B18="EE",B18="SE",B18="CE"),"A","")),IF(B18="EE",IF(E18>=3,IF(D18>=5,"H","A"),IF(E18>=2,IF(D18>=16,"H",IF(D18<=4,"L","A")),IF(D18<=15,"L","A"))),IF(OR(B18="SE",B18="CE"),IF(E18>=4,IF(D18>=6,"H","A"),IF(E18>=2,IF(D18>=20,"H",IF(D18<=5,"L","A")),IF(D18<=19,"L","A"))),IF(OR(B18="ALI",B18="AIE"),IF(E18>=6,IF(D18>=20,"H","A"),IF(E18>=2,IF(D18>=51,"H",IF(D18<=19,"L","A")),IF(D18<=50,"L","A"))),"")))) -> A | J18: =CONCATENATE(B18,C18) -> EEI | K18: =IF(OR(H18="",H18=0),L18,H18) -> 4 | L18: =IF(NOT(ISERROR(VLOOKUP(B18,Deflatores!G$42:H$64,2,FALSE))),VLOOKUP(B18,Deflatores!G$42:H$64,2,FALSE),IF(OR(ISBLANK(C18),ISBLANK(B18)),"",VLOOKUP(C18,Deflatores!G$4:H$38,2,FALSE)*H18+VLOOKUP(C18,Deflatores!G$4:I$38,3,FALSE))) -> 4
A19: US 002 - Manter Relatorio - Visualizar | B19: SE | C19: I | F19: =IF(ISBLANK(B19),"",IF(I19="L","Baixa",IF(I19="A","Média",IF(I19="","","Alta")))) -> Média | G19: =CONCATENATE(B19,I19) -> SEA | H19: =IF(ISBLANK(B19),"",IF(B19="ALI",IF(I19="L",7,IF(I19="A",10,15)),IF(B19="AIE",IF(I19="L",5,IF(I19="A",7,10)),IF(B19="SE",IF(I19="L",4,IF(I19="A",5,7)),IF(OR(B19="EE",B19="CE"),IF(I19="L",3,IF(I19="A",4,6)),0))))) -> 5 | I19: =IF(OR(ISBLANK(D19),ISBLANK(E19)),IF(OR(B19="ALI",B19="AIE"),"L",IF(OR(B19="EE",B19="SE",B19="CE"),"A","")),IF(B19="EE",IF(E19>=3,IF(D19>=5,"H","A"),IF(E19>=2,IF(D19>=16,"H",IF(D19<=4,"L","A")),IF(D19<=15,"L","A"))),IF(OR(B19="SE",B19="CE"),IF(E19>=4,IF(D19>=6,"H","A"),IF(E19>=2,IF(D19>=20,"H",IF(D19<=5,"L","A")),IF(D19<=19,"L","A"))),IF(OR(B19="ALI",B19="AIE"),IF(E19>=6,IF(D19>=20,"H","A"),IF(E19>=2,IF(D19>=51,"H",IF(D19<=19,"L","A")),IF(D19<=50,"L","A"))),"")))) -> A | J19: =CONCATENATE(B19,C19) -> SEI | K19: =IF(OR(H19="",H19=0),L19,H19) -> 5 | L19: =IF(NOT(ISERROR(VLOOKUP(B19,Deflatores!G$42:H$64,2,FALSE))),VLOOKUP(B19,Deflatores!G$42:H$64,2,FALSE),IF(OR(ISBLANK(C19),ISBLANK(B19)),"",VLOOKUP(C19,Deflatores!G$4:H$38,2,FALSE)*H19+VLOOKUP(C19,Deflatores!G$4:I$38,3,FALSE))) -> 5
... A86: US 014 - Relatorio Tipo de Usuario - Imprimir | B86: SE | C86: I | F86: =IF(ISBLANK(B86),"",IF(I86="L","Baixa",IF(I86="A","Média",IF(I86="","","Alta")))) -> Média | G86: =CONCATENATE(B86,I86) -> SEA | H86: =IF(ISBLANK(B86),"",IF(B86="ALI",IF(I86="L",7,IF(I86="A",10,15)),IF(B86="AIE",IF(I86="L",5,IF(I86="A",7,10)),IF(B86="SE",IF(I86="L",4,IF(I86="A",5,7)),IF(OR(B86="EE",B86="CE"),IF(I86="L",3,IF(I86="A",4,6)),0))))) -> 5 | I86: =IF(OR(ISBLANK(D86),ISBLANK(E86)),IF(OR(B86="ALI",B86="AIE"),"L",IF(OR(B86="EE",B86="SE",B86="CE"),"A","")),IF(B86="EE",IF(E86>=3,IF(D86>=5,"H","A"),IF(E86>=2,IF(D86>=16,"H",IF(D86<=4,"L","A")),IF(D86<=15,"L","A"))),IF(OR(B86="SE",B86="CE"),IF(E86>=4,IF(D86>=6,"H","A"),IF(E86>=2,IF(D86>=20,"H",IF(D86<=5,"L","A")),IF(D86<=19,"L","A"))),IF(OR(B86="ALI",B86="AIE"),IF(E86>=6,IF(D86>=20,"H","A"),IF(E86>=2,IF(D86>=51,"H",IF(D86<=19,"L","A")),IF(D86<=50,"L","A"))),"")))) -> A | J86: =CONCATENATE(B86,C86) -> SEI | K86: =IF(OR(H86="",H86=0),L86,H86) -> 5 | L86: =IF(NOT(ISERROR(VLOOKUP(B86,Deflatores!G$42:H$64,2,FALSE))),VLOOKUP(B86,Deflatores!G$42:H$64,2,FALSE),IF(OR(ISBLANK(C86),ISBLANK(B86)),"",VLOOKUP(C86,Deflatores!G$4:H$38,2,FALSE)*H86+VLOOKUP(C86,Deflatores!G$4:I$38,3,FALSE))) -> 5
F87: =IF(ISBLANK(B87),"",IF(I87="L","Baixa",IF(I87="A","Média",IF(I87="","","Alta")))) | G87: =CONCATENATE(B87,I87) | H87: =IF(ISBLANK(B87),"",IF(B87="ALI",IF(I87="L",7,IF(I87="A",10,15)),IF(B87="AIE",IF(I87="L",5,IF(I87="A",7,10)),IF(B87="SE",IF(I87="L",4,IF(I87="A",5,7)),IF(OR(B87="EE",B87="CE"),IF(I87="L",3,IF(I87="A",4,6)),0))))) | I87: =IF(OR(ISBLANK(D87),ISBLANK(E87)),IF(OR(B87="ALI",B87="AIE"),"L",IF(OR(B87="EE",B87="SE",B87="CE"),"A","")),IF(B87="EE",IF(E87>=3,IF(D87>=5,"H","A"),IF(E87>=2,IF(D87>=16,"H",IF(D87<=4,"L","A")),IF(D87<=15,"L","A"))),IF(OR(B87="SE",B87="CE"),IF(E87>=4,IF(D87>=6,"H","A"),IF(E87>=2,IF(D87>=20,"H",IF(D87<=5,"L","A")),IF(D87<=19,"L","A"))),IF(OR(B87="ALI",B87="AIE"),IF(E87>=6,IF(D87>=20,"H","A"),IF(E87>=2,IF(D87>=51,"H",IF(D87<=19,"L","A")),IF(D87<=50,"L","A"))),"")))) | J87: =CONCATENATE(B87,C87) | K87: =IF(OR(H87="",H87=0),L87,H87) | L87: =IF(NOT(ISERROR(VLOOKUP(B87,Deflatores!G$42:H$64,2,FALSE))),VLOOKUP(B87,Deflatores!G$42:H$64,2,FALSE),IF(OR(ISBLANK(C87),ISBLANK(B87)),"",VLOOKUP(C87,Deflatores!G$4:H$38,2,FALSE)*H87+VLOOKUP(C87,Deflatores!G$4:I$38,3,FALSE)))
F88: =IF(ISBLANK(B88),"",IF(I88="L","Baixa",IF(I88="A","Média",IF(I88="","","Alta")))) | G88: =CONCATENATE(B88,I88) | H88: =IF(ISBLANK(B88),"",IF(B88="ALI",IF(I88="L",7,IF(I88="A",10,15)),IF(B88="AIE",IF(I88="L",5,IF(I88="A",7,10)),IF(B88="SE",IF(I88="L",4,IF(I88="A",5,7)),IF(OR(B88="EE",B88="CE"),IF(I88="L",3,IF(I88="A",4,6)),0))))) | I88: =IF(OR(ISBLANK(D88),ISBLANK(E88)),IF(OR(B88="ALI",B88="AIE"),"L",IF(OR(B88="EE",B88="SE",B88="CE"),"A","")),IF(B88="EE",IF(E88>=3,IF(D88>=5,"H","A"),IF(E88>=2,IF(D88>=16,"H",IF(D88<=4,"L","A")),IF(D88<=15,"L","A"))),IF(OR(B88="SE",B88="CE"),IF(E88>=4,IF(D88>=6,"H","A"),IF(E88>=2,IF(D88>=20,"H",IF(D88<=5,"L","A")),IF(D88<=19,"L","A"))),IF(OR(B88="ALI",B88="AIE"),IF(E88>=6,IF(D88>=20,"H","A"),IF(E88>=2,IF(D88>=51,"H",IF(D88<=19,"L","A")),IF(D88<=50,"L","A"))),"")))) | J88: =CONCATENATE(B88,C88) | K88: =IF(OR(H88="",H88=0),L88,H88) | L88: =IF(NOT(ISERROR(VLOOKUP(B88,Deflatores!G$42:H$64,2,FALSE))),VLOOKUP(B88,Deflatores!G$42:H$64,2,FALSE),IF(OR(ISBLANK(C88),ISBLANK(B88)),"",VLOOKUP(C88,Deflatores!G$4:H$38,2,FALSE)*H88+VLOOKUP(C88,Deflatores!G$4:I$38,3,FALSE)))
F89: =IF(ISBLANK(B89),"",IF(I89="L","Baixa",IF(I89="A","Média",IF(I89="","","Alta")))) | G89: =CONCATENATE(B89,I89) | H89: =IF(ISBLANK(B89),"",IF(B89="ALI",IF(I89="L",7,IF(I89="A",10,15)),IF(B89="AIE",IF(I89="L",5,IF(I89="A",7,10)),IF(B89="SE",IF(I89="L",4,IF(I89="A",5,7)),IF(OR(B89="EE",B89="CE"),IF(I89="L",3,IF(I89="A",4,6)),0))))) | I89: =IF(OR(ISBLANK(D89),ISBLANK(E89)),IF(OR(B89="ALI",B89="AIE"),"L",IF(OR(B89="EE",B89="SE",B89="CE"),"A","")),IF(B89="EE",IF(E89>=3,IF(D89>=5,"H","A"),IF(E89>=2,IF(D89>=16,"H",IF(D89<=4,"L","A")),IF(D89<=15,"L","A"))),IF(OR(B89="SE",B89="CE"),IF(E89>=4,IF(D89>=6,"H","A"),IF(E89>=2,IF(D89>=20,"H",IF(D89<=5,"L","A")),IF(D89<=19,"L","A"))),IF(OR(B89="ALI",B89="AIE"),IF(E89>=6,IF(D89>=20,"H","A"),IF(E89>=2,IF(D89>=51,"H",IF(D89<=19,"L","A")),IF(D89<=50,"L","A"))),"")))) | J89: =CONCATENATE(B89,C89) | K89: =IF(OR(H89="",H89=0),L89,H89) | L89: =IF(NOT(ISERROR(VLOOKUP(B89,Deflatores!G$42:H$64,2,FALSE))),VLOOKUP(B89,Deflatores!G$42:H$64,2,FALSE),IF(OR(ISBLANK(C89),ISBLANK(B89)),"",VLOOKUP(C89,Deflatores!G$4:H$38,2,FALSE)*H89+VLOOKUP(C89,Deflatores!G$4:I$38,3,FALSE)))
F90: =IF(ISBLANK(B90),"",IF(I90="L","Baixa",IF(I90="A","Média",IF(I90="","","Alta")))) | G90: =CONCATENATE(B90,I90) | H90: =IF(ISBLANK(B90),"",IF(B90="ALI",IF(I90="L",7,IF(I90="A",10,15)),IF(B90="AIE",IF(I90="L",5,IF(I90="A",7,10)),IF(B90="SE",IF(I90="L",4,IF(I90="A",5,7)),IF(OR(B90="EE",B90="CE"),IF(I90="L",3,IF(I90="A",4,6)),0))))) | I90: =IF(OR(ISBLANK(D90),ISBLANK(E90)),IF(OR(B90="ALI",B90="AIE"),"L",IF(OR(B90="EE",B90="SE",B90="CE"),"A","")),IF(B90="EE",IF(E90>=3,IF(D90>=5,"H","A"),IF(E90>=2,IF(D90>=16,"H",IF(D90<=4,"L","A")),IF(D90<=15,"L","A"))),IF(OR(B90="SE",B90="CE"),IF(E90>=4,IF(D90>=6,"H","A"),IF(E90>=2,IF(D90>=20,"H",IF(D90<=5,"L","A")),IF(D90<=19,"L","A"))),IF(OR(B90="ALI",B90="AIE"),IF(E90>=6,IF(D90>=20,"H","A"),IF(E90>=2,IF(D90>=51,"H",IF(D90<=19,"L","A")),IF(D90<=50,"L","A"))),"")))) | J90: =CONCATENATE(B90,C90) | K90: =IF(OR(H90="",H90=0),L90,H90) | L90: =IF(NOT(ISERROR(VLOOKUP(B90,Deflatores!G$42:H$64,2,FALSE))),VLOOKUP(B90,Deflatores!G$42:H$64,2,FALSE),IF(OR(ISBLANK(C90),ISBLANK(B90)),"",VLOOKUP(C90,Deflatores!G$4:H$38,2,FALSE)*H90+VLOOKUP(C90,Deflatores!G$4:I$38,3,FALSE)))
F91: =IF(ISBLANK(B91),"",IF(I91="L","Baixa",IF(I91="A","Média",IF(I91="","","Alta")))) | G91: =CONCATENATE(B91,I91) | H91: =IF(ISBLANK(B91),"",IF(B91="ALI",IF(I91="L",7,IF(I91="A",10,15)),IF(B91="AIE",IF(I91="L",5,IF(I91="A",7,10)),IF(B91="SE",IF(I91="L",4,IF(I91="A",5,7)),IF(OR(B91="EE",B91="CE"),IF(I91="L",3,IF(I91="A",4,6)),0))))) | I91: =IF(OR(ISBLANK(D91),ISBLANK(E91)),IF(OR(B91="ALI",B91="AIE"),"L",IF(OR(B91="EE",B91="SE",B91="CE"),"A","")),IF(B91="EE",IF(E91>=3,IF(D91>=5,"H","A"),IF(E91>=2,IF(D91>=16,"H",IF(D91<=4,"L","A")),IF(D91<=15,"L","A"))),IF(OR(B91="SE",B91="CE"),IF(E91>=4,IF(D91>=6,"H","A"),IF(E91>=2,IF(D91>=20,"H",IF(D91<=5,"L","A")),IF(D91<=19,"L","A"))),IF(OR(B91="ALI",B91="AIE"),IF(E91>=6,IF(D91>=20,"H","A"),IF(E91>=2,IF(D91>=51,"H",IF(D91<=19,"L","A")),IF(D91<=50,"L","A"))),"")))) | J91: =CONCATENATE(B91,C91) | K91: =IF(OR(H91="",H91=0),L91,H91) | L91: =IF(NOT(ISERROR(VLOOKUP(B91,Deflatores!G$42:H$64,2,FALSE))),VLOOKUP(B91,Deflatores!G$42:H$64,2,FALSE),IF(OR(ISBLANK(C91),ISBLANK(B91)),"",VLOOKUP(C91,Deflatores!G$4:H$38,2,FALSE)*H91+VLOOKUP(C91,Deflatores!G$4:I$38,3,FALSE)))
F92: =IF(ISBLANK(B92),"",IF(I92="L","Baixa",IF(I92="A","Média",IF(I92="","","Alta")))) | G92: =CONCATENATE(B92,I92) | H92: =IF(ISBLANK(B92),"",IF(B92="ALI",IF(I92="L",7,IF(I92="A",10,15)),IF(B92="AIE",IF(I92="L",5,IF(I92="A",7,10)),IF(B92="SE",IF(I92="L",4,IF(I92="A",5,7)),IF(OR(B92="EE",B92="CE"),IF(I92="L",3,IF(I92="A",4,6)),0))))) | I92: =IF(OR(ISBLANK(D92),ISBLANK(E92)),IF(OR(B92="ALI",B92="AIE"),"L",IF(OR(B92="EE",B92="SE",B92="CE"),"A","")),IF(B92="EE",IF(E92>=3,IF(D92>=5,"H","A"),IF(E92>=2,IF(D92>=16,"H",IF(D92<=4,"L","A")),IF(D92<=15,"L","A"))),IF(OR(B92="SE",B92="CE"),IF(E92>=4,IF(D92>=6,"H","A"),IF(E92>=2,IF(D92>=20,"H",IF(D92<=5,"L","A")),IF(D92<=19,"L","A"))),IF(OR(B92="ALI",B92="AIE"),IF(E92>=6,IF(D92>=20,"H","A"),IF(E92>=2,IF(D92>=51,"H",IF(D92<=19,"L","A")),IF(D92<=50,"L","A"))),"")))) | J92: =CONCATENATE(B92,C92) | K92: =IF(OR(H92="",H92=0),L92,H92) | L92: =IF(NOT(ISERROR(VLOOKUP(B92,Deflatores!G$42:H$64,2,FALSE))),VLOOKUP(B92,Deflatores!G$42:H$64,2,FALSE),IF(OR(ISBLANK(C92),ISBLANK(B92)),"",VLOOKUP(C92,Deflatores!G$4:H$38,2,FALSE)*H92+VLOOKUP(C92,Deflatores!G$4:I$38,3,FALSE)))
F93: =IF(ISBLANK(B93),"",IF(I93="L","Baixa",IF(I93="A","Média",IF(I93="","","Alta")))) | G93: =CONCATENATE(B93,I93) | H93: =IF(ISBLANK(B93),"",IF(B93="ALI",IF(I93="L",7,IF(I93="A",10,15)),IF(B93="AIE",IF(I93="L",5,IF(I93="A",7,10)),IF(B93="SE",IF(I93="L",4,IF(I93="A",5,7)),IF(OR(B93="EE",B93="CE"),IF(I93="L",3,IF(I93="A",4,6)),0))))) | I93: =IF(OR(ISBLANK(D93),ISBLANK(E93)),IF(OR(B93="ALI",B93="AIE"),"L",IF(OR(B93="EE",B93="SE",B93="CE"),"A","")),IF(B93="EE",IF(E93>=3,IF(D93>=5,"H","A"),IF(E93>=2,IF(D93>=16,"H",IF(D93<=4,"L","A")),IF(D93<=15,"L","A"))),IF(OR(B93="SE",B93="CE"),IF(E93>=4,IF(D93>=6,"H","A"),IF(E93>=2,IF(D93>=20,"H",IF(D93<=5,"L","A")),IF(D93<=19,"L","A"))),IF(OR(B93="ALI",B93="AIE"),IF(E93>=6,IF(D93>=20,"H","A"),IF(E93>=2,IF(D93>=51,"H",IF(D93<=19,"L","A")),IF(D93<=50,"L","A"))),"")))) | J93: =CONCATENATE(B93,C93) | K93: =IF(OR(H93="",H93=0),L93,H93) | L93: =IF(NOT(ISERROR(VLOOKUP(B93,Deflatores!G$42:H$64,2,FALSE))),VLOOKUP(B93,Deflatores!G$42:H$64,2,FALSE),IF(OR(ISBLANK(C93),ISBLANK(B93)),"",VLOOKUP(C93,Deflatores!G$4:H$38,2,FALSE)*H93+VLOOKUP(C93,Deflatores!G$4:I$38,3,FALSE)))
F94: =IF(ISBLANK(B94),"",IF(I94="L","Baixa",IF(I94="A","Média",IF(I94="","","Alta")))) | G94: =CONCATENATE(B94,I94) | H94: =IF(ISBLANK(B94),"",IF(B94="ALI",IF(I94="L",7,IF(I94="A",10,15)),IF(B94="AIE",IF(I94="L",5,IF(I94="A",7,10)),IF(B94="SE",IF(I94="L",4,IF(I94="A",5,7)),IF(OR(B94="EE",B94="CE"),IF(I94="L",3,IF(I94="A",4,6)),0))))) | I94: =IF(OR(ISBLANK(D94),ISBLANK(E94)),IF(OR(B94="ALI",B94="AIE"),"L",IF(OR(B94="EE",B94="SE",B94="CE"),"A","")),IF(B94="EE",IF(E94>=3,IF(D94>=5,"H","A"),IF(E94>=2,IF(D94>=16,"H",IF(D94<=4,"L","A")),IF(D94<=15,"L","A"))),IF(OR(B94="SE",B94="CE"),IF(E94>=4,IF(D94>=6,"H","A"),IF(E94>=2,IF(D94>=20,"H",IF(D94<=5,"L","A")),IF(D94<=19,"L","A"))),IF(OR(B94="ALI",B94="AIE"),IF(E94>=6,IF(D94>=20,"H","A"),IF(E94>=2,IF(D94>=51,"H",IF(D94<=19,"L","A")),IF(D94<=50,"L","A"))),"")))) | J94: =CONCATENATE(B94,C94) | K94: =IF(OR(H94="",H94=0),L94,H94) | L94: =IF(NOT(ISERROR(VLOOKUP(B94,Deflatores!G$42:H$64,2,FALSE))),VLOOKUP(B94,Deflatores!G$42:H$64,2,FALSE),IF(OR(ISBLANK(C94),ISBLANK(B94)),"",VLOOKUP(C94,Deflatores!G$4:H$38,2,FALSE)*H94+VLOOKUP(C94,Deflatores!G$4:I$38,3,FALSE)))
F95: =IF(ISBLANK(B95),"",IF(I95="L","Baixa",IF(I95="A","Média",IF(I95="","","Alta")))) | G95: =CONCATENATE(B95,I95) | H95: =IF(ISBLANK(B95),"",IF(B95="ALI",IF(I95="L",7,IF(I95="A",10,15)),IF(B95="AIE",IF(I95="L",5,IF(I95="A",7,10)),IF(B95="SE",IF(I95="L",4,IF(I95="A",5,7)),IF(OR(B95="EE",B95="CE"),IF(I95="L",3,IF(I95="A",4,6)),0))))) | I95: =IF(OR(ISBLANK(D95),ISBLANK(E95)),IF(OR(B95="ALI",B95="AIE"),"L",IF(OR(B95="EE",B95="SE",B95="CE"),"A","")),IF(B95="EE",IF(E95>=3,IF(D95>=5,"H","A"),IF(E95>=2,IF(D95>=16,"H",IF(D95<=4,"L","A")),IF(D95<=15,"L","A"))),IF(OR(B95="SE",B95="CE"),IF(E95>=4,IF(D95>=6,"H","A"),IF(E95>=2,IF(D95>=20,"H",IF(D95<=5,"L","A")),IF(D95<=19,"L","A"))),IF(OR(B95="ALI",B95="AIE"),IF(E95>=6,IF(D95>=20,"H","A"),IF(E95>=2,IF(D95>=51,"H",IF(D95<=19,"L","A")),IF(D95<=50,"L","A"))),"")))) | J95: =CONCATENATE(B95,C95) | K95: =IF(OR(H95="",H95=0),L95,H95) | L95: =IF(NOT(ISERROR(VLOOKUP(B95,Deflatores!G$42:H$64,2,FALSE))),VLOOKUP(B95,Deflatores!G$42:H$64,2,FALSE),IF(OR(ISBLANK(C95),ISBLANK(B95)),"",VLOOKUP(C95,Deflatores!G$4:H$38,2,FALSE)*H95+VLOOKUP(C95,Deflatores!G$4:I$38,3,FALSE)))
F96: =IF(ISBLANK(B96),"",IF(I96="L","Baixa",IF(I96="A","Média",IF(I96="","","Alta")))) | G96: =CONCATENATE(B96,I96) | H96: =IF(ISBLANK(B96),"",IF(B96="ALI",IF(I96="L",7,IF(I96="A",10,15)),IF(B96="AIE",IF(I96="L",5,IF(I96="A",7,10)),IF(B96="SE",IF(I96="L",4,IF(I96="A",5,7)),IF(OR(B96="EE",B96="CE"),IF(I96="L",3,IF(I96="A",4,6)),0))))) | I96: =IF(OR(ISBLANK(D96),ISBLANK(E96)),IF(OR(B96="ALI",B96="AIE"),"L",IF(OR(B96="EE",B96="SE",B96="CE"),"A","")),IF(B96="EE",IF(E96>=3,IF(D96>=5,"H","A"),IF(E96>=2,IF(D96>=16,"H",IF(D96<=4,"L","A")),IF(D96<=15,"L","A"))),IF(OR(B96="SE",B96="CE"),IF(E96>=4,IF(D96>=6,"H","A"),IF(E96>=2,IF(D96>=20,"H",IF(D96<=5,"L","A")),IF(D96<=19,"L","A"))),IF(OR(B96="ALI",B96="AIE"),IF(E96>=6,IF(D96>=20,"H","A"),IF(E96>=2,IF(D96>=51,"H",IF(D96<=19,"L","A")),IF(D96<=50,"L","A"))),"")))) | J96: =CONCATENATE(B96,C96) | K96: =IF(OR(H96="",H96=0),L96,H96) | L96: =IF(NOT(ISERROR(VLOOKUP(B96,Deflatores!G$42:H$64,2,FALSE))),VLOOKUP(B96,Deflatores!G$42:H$64,2,FALSE),IF(OR(ISBLANK(C96),ISBLANK(B96)),"",VLOOKUP(C96,Deflatores!G$4:H$38,2,FALSE)*H96+VLOOKUP(C96,Deflatores!G$4:I$38,3,FALSE)))
F97: =IF(ISBLANK(B97),"",IF(I97="L","Baixa",IF(I97="A","Média",IF(I97="","","Alta")))) | G97: =CONCATENATE(B97,I97) | H97: =IF(ISBLANK(B97),"",IF(B97="ALI",IF(I97="L",7,IF(I97="A",10,15)),IF(B97="AIE",IF(I97="L",5,IF(I97="A",7,10)),IF(B97="SE",IF(I97="L",4,IF(I97="A",5,7)),IF(OR(B97="EE",B97="CE"),IF(I97="L",3,IF(I97="A",4,6)),0))))) | I97: =IF(OR(ISBLANK(D97),ISBLANK(E97)),IF(OR(B97="ALI",B97="AIE"),"L",IF(OR(B97="EE",B97="SE",B97="CE"),"A","")),IF(B97="EE",IF(E97>=3,IF(D97>=5,"H","A"),IF(E97>=2,IF(D97>=16,"H",IF(D97<=4,"L","A")),IF(D97<=15,"L","A"))),IF(OR(B97="SE",B97="CE"),IF(E97>=4,IF(D97>=6,"H","A"),IF(E97>=2,IF(D97>=20,"H",IF(D97<=5,"L","A")),IF(D97<=19,"L","A"))),IF(OR(B97="ALI",B97="AIE"),IF(E97>=6,IF(D97>=20,"H","A"),IF(E97>=2,IF(D97>=51,"H",IF(D97<=19,"L","A")),IF(D97<=50,"L","A"))),"")))) | J97: =CONCATENATE(B97,C97) | K97: =IF(OR(H97="",H97=0),L97,H97) | L97: =IF(NOT(ISERROR(VLOOKUP(B97,Deflatores!G$42:H$64,2,FALSE))),VLOOKUP(B97,Deflatores!G$42:H$64,2,FALSE),IF(OR(ISBLANK(C97),ISBLANK(B97)),"",VLOOKUP(C97,Deflatores!G$4:H$38,2,FALSE)*H97+VLOOKUP(C97,Deflatores!G$4:I$38,3,FALSE)))
F98: =IF(ISBLANK(B98),"",IF(I98="L","Baixa",IF(I98="A","Média",IF(I98="","","Alta")))) | G98: =CONCATENATE(B98,I98) | H98: =IF(ISBLANK(B98),"",IF(B98="ALI",IF(I98="L",7,IF(I98="A",10,15)),IF(B98="AIE",IF(I98="L",5,IF(I98="A",7,10)),IF(B98="SE",IF(I98="L",4,IF(I98="A",5,7)),IF(OR(B98="EE",B98="CE"),IF(I98="L",3,IF(I98="A",4,6)),0))))) | I98: =IF(OR(ISBLANK(D98),ISBLANK(E98)),IF(OR(B98="ALI",B98="AIE"),"L",IF(OR(B98="EE",B98="SE",B98="CE"),"A","")),IF(B98="EE",IF(E98>=3,IF(D98>=5,"H","A"),IF(E98>=2,IF(D98>=16,"H",IF(D98<=4,"L","A")),IF(D98<=15,"L","A"))),IF(OR(B98="SE",B98="CE"),IF(E98>=4,IF(D98>=6,"H","A"),IF(E98>=2,IF(D98>=20,"H",IF(D98<=5,"L","A")),IF(D98<=19,"L","A"))),IF(OR(B98="ALI",B98="AIE"),IF(E98>=6,IF(D98>=20,"H","A"),IF(E98>=2,IF(D98>=51,"H",IF(D98<=19,"L","A")),IF(D98<=50,"L","A"))),"")))) | J98: =CONCATENATE(B98,C98) | K98: =IF(OR(H98="",H98=0),L98,H98) | L98: =IF(NOT(ISERROR(VLOOKUP(B98,Deflatores!G$42:H$64,2,FALSE))),VLOOKUP(B98,Deflatores!G$42:H$64,2,FALSE),IF(OR(ISBLANK(C98),ISBLANK(B98)),"",VLOOKUP(C98,Deflatores!G$4:H$38,2,FALSE)*H98+VLOOKUP(C98,Deflatores!G$4:I$38,3,FALSE)))
... F175: =IF(ISBLANK(B175),"",IF(I175="L","Baixa",IF(I175="A","Média",IF(I175="","","Alta")))) | G175: =CONCATENATE(B175,I175) | H175: =IF(ISBLANK(B175),"",IF(B175="ALI",IF(I175="L",7,IF(I175="A",10,15)),IF(B175="AIE",IF(I175="L",5,IF(I175="A",7,10)),IF(B175="SE",IF(I175="L",4,IF(I175="A",5,7)),IF(OR(B175="EE",B175="CE"),IF(I175="L",3,IF(I175="A",4,6)),0))))) | I175: =IF(OR(ISBLANK(D175),ISBLANK(E175)),IF(OR(B175="ALI",B175="AIE"),"L",IF(OR(B175="EE",B175="SE",B175="CE"),"A","")),IF(B175="EE",IF(E175>=3,IF(D175>=5,"H","A"),IF(E175>=2,IF(D175>=16,"H",IF(D175<=4,"L","A")),IF(D175<=15,"L","A"))),IF(OR(B175="SE",B175="CE"),IF(E175>=4,IF(D175>=6,"H","A"),IF(E175>=2,IF(D175>=20,"H",IF(D175<=5,"L","A")),IF(D175<=19,"L","A"))),IF(OR(B175="ALI",B175="AIE"),IF(E175>=6,IF(D175>=20,"H","A"),IF(E175>=2,IF(D175>=51,"H",IF(D175<=19,"L","A")),IF(D175<=50,"L","A"))),"")))) | J175: =CONCATENATE(B175,C175) | K175: =IF(OR(H175="",H175=0),L175,H175) | L175: =IF(NOT(ISERROR(VLOOKUP(B175,Deflatores!G$42:H$64,2,FALSE))),VLOOKUP(B175,Deflatores!G$42:H$64,2,FALSE),IF(OR(ISBLANK(C175),ISBLANK(B175)),"",VLOOKUP(C175,Deflatores!G$4:H$38,2,FALSE)*H175+VLOOKUP(C175,Deflatores!G$4:I$38,3,FALSE)))
F176: =IF(ISBLANK(B176),"",IF(I176="L","Baixa",IF(I176="A","Média",IF(I176="","","Alta")))) | G176: =CONCATENATE(B176,I176) | H176: =IF(ISBLANK(B176),"",IF(B176="ALI",IF(I176="L",7,IF(I176="A",10,15)),IF(B176="AIE",IF(I176="L",5,IF(I176="A",7,10)),IF(B176="SE",IF(I176="L",4,IF(I176="A",5,7)),IF(OR(B176="EE",B176="CE"),IF(I176="L",3,IF(I176="A",4,6)),0))))) | I176: =IF(OR(ISBLANK(D176),ISBLANK(E176)),IF(OR(B176="ALI",B176="AIE"),"L",IF(OR(B176="EE",B176="SE",B176="CE"),"A","")),IF(B176="EE",IF(E176>=3,IF(D176>=5,"H","A"),IF(E176>=2,IF(D176>=16,"H",IF(D176<=4,"L","A")),IF(D176<=15,"L","A"))),IF(OR(B176="SE",B176="CE"),IF(E176>=4,IF(D176>=6,"H","A"),IF(E176>=2,IF(D176>=20,"H",IF(D176<=5,"L","A")),IF(D176<=19,"L","A"))),IF(OR(B176="ALI",B176="AIE"),IF(E176>=6,IF(D176>=20,"H","A"),IF(E176>=2,IF(D176>=51,"H",IF(D176<=19,"L","A")),IF(D176<=50,"L","A"))),"")))) | J176: =CONCATENATE(B176,C176) | K176: =IF(OR(H176="",H176=0),L176,H176) | L176: =IF(NOT(ISERROR(VLOOKUP(B176,Deflatores!G$42:H$64,2,FALSE))),VLOOKUP(B176,Deflatores!G$42:H$64,2,FALSE),IF(OR(ISBLANK(C176),ISBLANK(B176)),"",VLOOKUP(C176,Deflatores!G$4:H$38,2,FALSE)*H176+VLOOKUP(C176,Deflatores!G$4:I$38,3,FALSE))) | O176: Fronteira externa com o SISPAT.
F177: =IF(ISBLANK(B177),"",IF(I177="L","Baixa",IF(I177="A","Média",IF(I177="","","Alta")))) | G177: =CONCATENATE(B177,I177) | H177: =IF(ISBLANK(B177),"",IF(B177="ALI",IF(I177="L",7,IF(I177="A",10,15)),IF(B177="AIE",IF(I177="L",5,IF(I177="A",7,10)),IF(B177="SE",IF(I177="L",4,IF(I177="A",5,7)),IF(OR(B177="EE",B177="CE"),IF(I177="L",3,IF(I177="A",4,6)),0))))) | I177: =IF(OR(ISBLANK(D177),ISBLANK(E177)),IF(OR(B177="ALI",B177="AIE"),"L",IF(OR(B177="EE",B177="SE",B177="CE"),"A","")),IF(B177="EE",IF(E177>=3,IF(D177>=5,"H","A"),IF(E177>=2,IF(D177>=16,"H",IF(D177<=4,"L","A")),IF(D177<=15,"L","A"))),IF(OR(B177="SE",B177="CE"),IF(E177>=4,IF(D177>=6,"H","A"),IF(E177>=2,IF(D177>=20,"H",IF(D177<=5,"L","A")),IF(D177<=19,"L","A"))),IF(OR(B177="ALI",B177="AIE"),IF(E177>=6,IF(D177>=20,"H","A"),IF(E177>=2,IF(D177>=51,"H",IF(D177<=19,"L","A")),IF(D177<=50,"L","A"))),"")))) | J177: =CONCATENATE(B177,C177) | K177: =IF(OR(H177="",H177=0),L177,H177) | L177: =IF(NOT(ISERROR(VLOOKUP(B177,Deflatores!G$42:H$64,2,FALSE))),VLOOKUP(B177,Deflatores!G$42:H$64,2,FALSE),IF(OR(ISBLANK(C177),ISBLANK(B177)),"",VLOOKUP(C177,Deflatores!G$4:H$38,2,FALSE)*H177+VLOOKUP(C177,Deflatores!G$4:I$38,3,FALSE)))
F178: =IF(ISBLANK(B178),"",IF(I178="L","Baixa",IF(I178="A","Média",IF(I178="","","Alta")))) | G178: =CONCATENATE(B178,I178) | H178: =IF(ISBLANK(B178),"",IF(B178="ALI",IF(I178="L",7,IF(I178="A",10,15)),IF(B178="AIE",IF(I178="L",5,IF(I178="A",7,10)),IF(B178="SE",IF(I178="L",4,IF(I178="A",5,7)),IF(OR(B178="EE",B178="CE"),IF(I178="L",3,IF(I178="A",4,6)),0))))) | I178: =IF(OR(ISBLANK(D178),ISBLANK(E178)),IF(OR(B178="ALI",B178="AIE"),"L",IF(OR(B178="EE",B178="SE",B178="CE"),"A","")),IF(B178="EE",IF(E178>=3,IF(D178>=5,"H","A"),IF(E178>=2,IF(D178>=16,"H",IF(D178<=4,"L","A")),IF(D178<=15,"L","A"))),IF(OR(B178="SE",B178="CE"),IF(E178>=4,IF(D178>=6,"H","A"),IF(E178>=2,IF(D178>=20,"H",IF(D178<=5,"L","A")),IF(D178<=19,"L","A"))),IF(OR(B178="ALI",B178="AIE"),IF(E178>=6,IF(D178>=20,"H","A"),IF(E178>=2,IF(D178>=51,"H",IF(D178<=19,"L","A")),IF(D178<=50,"L","A"))),"")))) | J178: =CONCATENATE(B178,C178) | K178: =IF(OR(H178="",H178=0),L178,H178) | L178: =IF(NOT(ISERROR(VLOOKUP(B178,Deflatores!G$42:H$64,2,FALSE))),VLOOKUP(B178,Deflatores!G$42:H$64,2,FALSE),IF(OR(ISBLANK(C178),ISBLANK(B178)),"",VLOOKUP(C178,Deflatores!G$4:H$38,2,FALSE)*H178+VLOOKUP(C178,Deflatores!G$4:I$38,3,FALSE)))
F179: =IF(ISBLANK(B179),"",IF(I179="L","Baixa",IF(I179="A","Média",IF(I179="","","Alta")))) | G179: =CONCATENATE(B179,I179) | H179: =IF(ISBLANK(B179),"",IF(B179="ALI",IF(I179="L",7,IF(I179="A",10,15)),IF(B179="AIE",IF(I179="L",5,IF(I179="A",7,10)),IF(B179="SE",IF(I179="L",4,IF(I179="A",5,7)),IF(OR(B179="EE",B179="CE"),IF(I179="L",3,IF(I179="A",4,6)),0))))) | I179: =IF(OR(ISBLANK(D179),ISBLANK(E179)),IF(OR(B179="ALI",B179="AIE"),"L",IF(OR(B179="EE",B179="SE",B179="CE"),"A","")),IF(B179="EE",IF(E179>=3,IF(D179>=5,"H","A"),IF(E179>=2,IF(D179>=16,"H",IF(D179<=4,"L","A")),IF(D179<=15,"L","A"))),IF(OR(B179="SE",B179="CE"),IF(E179>=4,IF(D179>=6,"H","A"),IF(E179>=2,IF(D179>=20,"H",IF(D179<=5,"L","A")),IF(D179<=19,"L","A"))),IF(OR(B179="ALI",B179="AIE"),IF(E179>=6,IF(D179>=20,"H","A"),IF(E179>=2,IF(D179>=51,"H",IF(D179<=19,"L","A")),IF(D179<=50,"L","A"))),"")))) | J179: =CONCATENATE(B179,C179) | K179: =IF(OR(H179="",H179=0),L179,H179) | L179: =IF(NOT(ISERROR(VLOOKUP(B179,Deflatores!G$42:H$64,2,FALSE))),VLOOKUP(B179,Deflatores!G$42:H$64,2,FALSE),IF(OR(ISBLANK(C179),ISBLANK(B179)),"",VLOOKUP(C179,Deflatores!G$4:H$38,2,FALSE)*H179+VLOOKUP(C179,Deflatores!G$4:I$38,3,FALSE)))
F180: =IF(ISBLANK(B180),"",IF(I180="L","Baixa",IF(I180="A","Média",IF(I180="","","Alta")))) | G180: =CONCATENATE(B180,I180) | H180: =IF(ISBLANK(B180),"",IF(B180="ALI",IF(I180="L",7,IF(I180="A",10,15)),IF(B180="AIE",IF(I180="L",5,IF(I180="A",7,10)),IF(B180="SE",IF(I180="L",4,IF(I180="A",5,7)),IF(OR(B180="EE",B180="CE"),IF(I180="L",3,IF(I180="A",4,6)),0))))) | I180: =IF(OR(ISBLANK(D180),ISBLANK(E180)),IF(OR(B180="ALI",B180="AIE"),"L",IF(OR(B180="EE",B180="SE",B180="CE"),"A","")),IF(B180="EE",IF(E180>=3,IF(D180>=5,"H","A"),IF(E180>=2,IF(D180>=16,"H",IF(D180<=4,"L","A")),IF(D180<=15,"L","A"))),IF(OR(B180="SE",B180="CE"),IF(E180>=4,IF(D180>=6,"H","A"),IF(E180>=2,IF(D180>=20,"H",IF(D180<=5,"L","A")),IF(D180<=19,"L","A"))),IF(OR(B180="ALI",B180="AIE"),IF(E180>=6,IF(D180>=20,"H","A"),IF(E180>=2,IF(D180>=51,"H",IF(D180<=19,"L","A")),IF(D180<=50,"L","A"))),"")))) | J180: =CONCATENATE(B180,C180) | K180: =IF(OR(H180="",H180=0),L180,H180) | L180: =IF(NOT(ISERROR(VLOOKUP(B180,Deflatores!G$42:H$64,2,FALSE))),VLOOKUP(B180,Deflatores!G$42:H$64,2,FALSE),IF(OR(ISBLANK(C180),ISBLANK(B180)),"",VLOOKUP(C180,Deflatores!G$4:H$38,2,FALSE)*H180+VLOOKUP(C180,Deflatores!G$4:I$38,3,FALSE)))
F181: =IF(ISBLANK(B181),"",IF(I181="L","Baixa",IF(I181="A","Média",IF(I181="","","Alta")))) | G181: =CONCATENATE(B181,I181) | H181: =IF(ISBLANK(B181),"",IF(B181="ALI",IF(I181="L",7,IF(I181="A",10,15)),IF(B181="AIE",IF(I181="L",5,IF(I181="A",7,10)),IF(B181="SE",IF(I181="L",4,IF(I181="A",5,7)),IF(OR(B181="EE",B181="CE"),IF(I181="L",3,IF(I181="A",4,6)),0))))) | I181: =IF(OR(ISBLANK(D181),ISBLANK(E181)),IF(OR(B181="ALI",B181="AIE"),"L",IF(OR(B181="EE",B181="SE",B181="CE"),"A","")),IF(B181="EE",IF(E181>=3,IF(D181>=5,"H","A"),IF(E181>=2,IF(D181>=16,"H",IF(D181<=4,"L","A")),IF(D181<=15,"L","A"))),IF(OR(B181="SE",B181="CE"),IF(E181>=4,IF(D181>=6,"H","A"),IF(E181>=2,IF(D181>=20,"H",IF(D181<=5,"L","A")),IF(D181<=19,"L","A"))),IF(OR(B181="ALI",B181="AIE"),IF(E181>=6,IF(D181>=20,"H","A"),IF(E181>=2,IF(D181>=51,"H",IF(D181<=19,"L","A")),IF(D181<=50,"L","A"))),"")))) | J181: =CONCATENATE(B181,C181) | K181: =IF(OR(H181="",H181=0),L181,H181) | L181: =IF(NOT(ISERROR(VLOOKUP(B181,Deflatores!G$42:H$64,2,FALSE))),VLOOKUP(B181,Deflatores!G$42:H$64,2,FALSE),IF(OR(ISBLANK(C181),ISBLANK(B181)),"",VLOOKUP(C181,Deflatores!G$4:H$38,2,FALSE)*H181+VLOOKUP(C181,Deflatores!G$4:I$38,3,FALSE)))
F182: =IF(ISBLANK(B182),"",IF(I182="L","Baixa",IF(I182="A","Média",IF(I182="","","Alta")))) | G182: =CONCATENATE(B182,I182) | H182: =IF(ISBLANK(B182),"",IF(B182="ALI",IF(I182="L",7,IF(I182="A",10,15)),IF(B182="AIE",IF(I182="L",5,IF(I182="A",7,10)),IF(B182="SE",IF(I182="L",4,IF(I182="A",5,7)),IF(OR(B182="EE",B182="CE"),IF(I182="L",3,IF(I182="A",4,6)),0))))) | I182: =IF(OR(ISBLANK(D182),ISBLANK(E182)),IF(OR(B182="ALI",B182="AIE"),"L",IF(OR(B182="EE",B182="SE",B182="CE"),"A","")),IF(B182="EE",IF(E182>=3,IF(D182>=5,"H","A"),IF(E182>=2,IF(D182>=16,"H",IF(D182<=4,"L","A")),IF(D182<=15,"L","A"))),IF(OR(B182="SE",B182="CE"),IF(E182>=4,IF(D182>=6,"H","A"),IF(E182>=2,IF(D182>=20,"H",IF(D182<=5,"L","A")),IF(D182<=19,"L","A"))),IF(OR(B182="ALI",B182="AIE"),IF(E182>=6,IF(D182>=20,"H","A"),IF(E182>=2,IF(D182>=51,"H",IF(D182<=19,"L","A")),IF(D182<=50,"L","A"))),"")))) | J182: =CONCATENATE(B182,C182) | K182: =IF(OR(H182="",H182=0),L182,H182) | L182: =IF(NOT(ISERROR(VLOOKUP(B182,Deflatores!G$42:H$64,2,FALSE))),VLOOKUP(B182,Deflatores!G$42:H$64,2,FALSE),IF(OR(ISBLANK(C182),ISBLANK(B182)),"",VLOOKUP(C182,Deflatores!G$4:H$38,2,FALSE)*H182+VLOOKUP(C182,Deflatores!G$4:I$38,3,FALSE)))
F183: =IF(ISBLANK(B183),"",IF(I183="L","Baixa",IF(I183="A","Média",IF(I183="","","Alta")))) | G183: =CONCATENATE(B183,I183) | H183: =IF(ISBLANK(B183),"",IF(B183="ALI",IF(I183="L",7,IF(I183="A",10,15)),IF(B183="AIE",IF(I183="L",5,IF(I183="A",7,10)),IF(B183="SE",IF(I183="L",4,IF(I183="A",5,7)),IF(OR(B183="EE",B183="CE"),IF(I183="L",3,IF(I183="A",4,6)),0))))) | I183: =IF(OR(ISBLANK(D183),ISBLANK(E183)),IF(OR(B183="ALI",B183="AIE"),"L",IF(OR(B183="EE",B183="SE",B183="CE"),"A","")),IF(B183="EE",IF(E183>=3,IF(D183>=5,"H","A"),IF(E183>=2,IF(D183>=16,"H",IF(D183<=4,"L","A")),IF(D183<=15,"L","A"))),IF(OR(B183="SE",B183="CE"),IF(E183>=4,IF(D183>=6,"H","A"),IF(E183>=2,IF(D183>=20,"H",IF(D183<=5,"L","A")),IF(D183<=19,"L","A"))),IF(OR(B183="ALI",B183="AIE"),IF(E183>=6,IF(D183>=20,"H","A"),IF(E183>=2,IF(D183>=51,"H",IF(D183<=19,"L","A")),IF(D183<=50,"L","A"))),"")))) | J183: =CONCATENATE(B183,C183) | K183: =IF(OR(H183="",H183=0),L183,H183) | L183: =IF(NOT(ISERROR(VLOOKUP(B183,Deflatores!G$42:H$64,2,FALSE))),VLOOKUP(B183,Deflatores!G$42:H$64,2,FALSE),IF(OR(ISBLANK(C183),ISBLANK(B183)),"",VLOOKUP(C183,Deflatores!G$4:H$38,2,FALSE)*H183+VLOOKUP(C183,Deflatores!G$4:I$38,3,FALSE)))
F184: =IF(ISBLANK(B184),"",IF(I184="L","Baixa",IF(I184="A","Média",IF(I184="","","Alta")))) | G184: =CONCATENATE(B184,I184) | H184: =IF(ISBLANK(B184),"",IF(B184="ALI",IF(I184="L",7,IF(I184="A",10,15)),IF(B184="AIE",IF(I184="L",5,IF(I184="A",7,10)),IF(B184="SE",IF(I184="L",4,IF(I184="A",5,7)),IF(OR(B184="EE",B184="CE"),IF(I184="L",3,IF(I184="A",4,6)),0))))) | I184: =IF(OR(ISBLANK(D184),ISBLANK(E184)),IF(OR(B184="ALI",B184="AIE"),"L",IF(OR(B184="EE",B184="SE",B184="CE"),"A","")),IF(B184="EE",IF(E184>=3,IF(D184>=5,"H","A"),IF(E184>=2,IF(D184>=16,"H",IF(D184<=4,"L","A")),IF(D184<=15,"L","A"))),IF(OR(B184="SE",B184="CE"),IF(E184>=4,IF(D184>=6,"H","A"),IF(E184>=2,IF(D184>=20,"H",IF(D184<=5,"L","A")),IF(D184<=19,"L","A"))),IF(OR(B184="ALI",B184="AIE"),IF(E184>=6,IF(D184>=20,"H","A"),IF(E184>=2,IF(D184>=51,"H",IF(D184<=19,"L","A")),IF(D184<=50,"L","A"))),"")))) | J184: =CONCATENATE(B184,C184) | K184: =IF(OR(H184="",H184=0),L184,H184) | L184: =IF(NOT(ISERROR(VLOOKUP(B184,Deflatores!G$42:H$64,2,FALSE))),VLOOKUP(B184,Deflatores!G$42:H$64,2,FALSE),IF(OR(ISBLANK(C184),ISBLANK(B184)),"",VLOOKUP(C184,Deflatores!G$4:H$38,2,FALSE)*H184+VLOOKUP(C184,Deflatores!G$4:I$38,3,FALSE)))
F185: =IF(ISBLANK(B185),"",IF(I185="L","Baixa",IF(I185="A","Média",IF(I185="","","Alta")))) | G185: =CONCATENATE(B185,I185) | H185: =IF(ISBLANK(B185),"",IF(B185="ALI",IF(I185="L",7,IF(I185="A",10,15)),IF(B185="AIE",IF(I185="L",5,IF(I185="A",7,10)),IF(B185="SE",IF(I185="L",4,IF(I185="A",5,7)),IF(OR(B185="EE",B185="CE"),IF(I185="L",3,IF(I185="A",4,6)),0))))) | I185: =IF(OR(ISBLANK(D185),ISBLANK(E185)),IF(OR(B185="ALI",B185="AIE"),"L",IF(OR(B185="EE",B185="SE",B185="CE"),"A","")),IF(B185="EE",IF(E185>=3,IF(D185>=5,"H","A"),IF(E185>=2,IF(D185>=16,"H",IF(D185<=4,"L","A")),IF(D185<=15,"L","A"))),IF(OR(B185="SE",B185="CE"),IF(E185>=4,IF(D185>=6,"H","A"),IF(E185>=2,IF(D185>=20,"H",IF(D185<=5,"L","A")),IF(D185<=19,"L","A"))),IF(OR(B185="ALI",B185="AIE"),IF(E185>=6,IF(D185>=20,"H","A"),IF(E185>=2,IF(D185>=51,"H",IF(D185<=19,"L","A")),IF(D185<=50,"L","A"))),"")))) | J185: =CONCATENATE(B185,C185) | K185: =IF(OR(H185="",H185=0),L185,H185) | L185: =IF(NOT(ISERROR(VLOOKUP(B185,Deflatores!G$42:H$64,2,FALSE))),VLOOKUP(B185,Deflatores!G$42:H$64,2,FALSE),IF(OR(ISBLANK(C185),ISBLANK(B185)),"",VLOOKUP(C185,Deflatores!G$4:H$38,2,FALSE)*H185+VLOOKUP(C185,Deflatores!G$4:I$38,3,FALSE)))
F186: =IF(ISBLANK(B186),"",IF(I186="L","Baixa",IF(I186="A","Média",IF(I186="","","Alta")))) | G186: =CONCATENATE(B186,I186) | H186: =IF(ISBLANK(B186),"",IF(B186="ALI",IF(I186="L",7,IF(I186="A",10,15)),IF(B186="AIE",IF(I186="L",5,IF(I186="A",7,10)),IF(B186="SE",IF(I186="L",4,IF(I186="A",5,7)),IF(OR(B186="EE",B186="CE"),IF(I186="L",3,IF(I186="A",4,6)),0))))) | I186: =IF(OR(ISBLANK(D186),ISBLANK(E186)),IF(OR(B186="ALI",B186="AIE"),"L",IF(OR(B186="EE",B186="SE",B186="CE"),"A","")),IF(B186="EE",IF(E186>=3,IF(D186>=5,"H","A"),IF(E186>=2,IF(D186>=16,"H",IF(D186<=4,"L","A")),IF(D186<=15,"L","A"))),IF(OR(B186="SE",B186="CE"),IF(E186>=4,IF(D186>=6,"H","A"),IF(E186>=2,IF(D186>=20,"H",IF(D186<=5,"L","A")),IF(D186<=19,"L","A"))),IF(OR(B186="ALI",B186="AIE"),IF(E186>=6,IF(D186>=20,"H","A"),IF(E186>=2,IF(D186>=51,"H",IF(D186<=19,"L","A")),IF(D186<=50,"L","A"))),"")))) | J186: =CONCATENATE(B186,C186) | K186: =IF(OR(H186="",H186=0),L186,H186) | L186: =IF(NOT(ISERROR(VLOOKUP(B186,Deflatores!G$42:H$64,2,FALSE))),VLOOKUP(B186,Deflatores!G$42:H$64,2,FALSE),IF(OR(ISBLANK(C186),ISBLANK(B186)),"",VLOOKUP(C186,Deflatores!G$4:H$38,2,FALSE)*H186+VLOOKUP(C186,Deflatores!G$4:I$38,3,FALSE)))
F187: =IF(ISBLANK(B187),"",IF(I187="L","Baixa",IF(I187="A","Média",IF(I187="","","Alta")))) | G187: =CONCATENATE(B187,I187) | H187: =IF(ISBLANK(B187),"",IF(B187="ALI",IF(I187="L",7,IF(I187="A",10,15)),IF(B187="AIE",IF(I187="L",5,IF(I187="A",7,10)),IF(B187="SE",IF(I187="L",4,IF(I187="A",5,7)),IF(OR(B187="EE",B187="CE"),IF(I187="L",3,IF(I187="A",4,6)),0))))) | I187: =IF(OR(ISBLANK(D187),ISBLANK(E187)),IF(OR(B187="ALI",B187="AIE"),"L",IF(OR(B187="EE",B187="SE",B187="CE"),"A","")),IF(B187="EE",IF(E187>=3,IF(D187>=5,"H","A"),IF(E187>=2,IF(D187>=16,"H",IF(D187<=4,"L","A")),IF(D187<=15,"L","A"))),IF(OR(B187="SE",B187="CE"),IF(E187>=4,IF(D187>=6,"H","A"),IF(E187>=2,IF(D187>=20,"H",IF(D187<=5,"L","A")),IF(D187<=19,"L","A"))),IF(OR(B187="ALI",B187="AIE"),IF(E187>=6,IF(D187>=20,"H","A"),IF(E187>=2,IF(D187>=51,"H",IF(D187<=19,"L","A")),IF(D187<=50,"L","A"))),"")))) | J187: =CONCATENATE(B187,C187) | K187: =IF(OR(H187="",H187=0),L187,H187) | L187: =IF(NOT(ISERROR(VLOOKUP(B187,Deflatores!G$42:H$64,2,FALSE))),VLOOKUP(B187,Deflatores!G$42:H$64,2,FALSE),IF(OR(ISBLANK(C187),ISBLANK(B187)),"",VLOOKUP(C187,Deflatores!G$4:H$38,2,FALSE)*H187+VLOOKUP(C187,Deflatores!G$4:I$38,3,FALSE)))
F188: =IF(ISBLANK(B188),"",IF(I188="L","Baixa",IF(I188="A","Média",IF(I188="","","Alta")))) | G188: =CONCATENATE(B188,I188) | H188: =IF(ISBLANK(B188),"",IF(B188="ALI",IF(I188="L",7,IF(I188="A",10,15)),IF(B188="AIE",IF(I188="L",5,IF(I188="A",7,10)),IF(B188="SE",IF(I188="L",4,IF(I188="A",5,7)),IF(OR(B188="EE",B188="CE"),IF(I188="L",3,IF(I188="A",4,6)),0))))) | I188: =IF(OR(ISBLANK(D188),ISBLANK(E188)),IF(OR(B188="ALI",B188="AIE"),"L",IF(OR(B188="EE",B188="SE",B188="CE"),"A","")),IF(B188="EE",IF(E188>=3,IF(D188>=5,"H","A"),IF(E188>=2,IF(D188>=16,"H",IF(D188<=4,"L","A")),IF(D188<=15,"L","A"))),IF(OR(B188="SE",B188="CE"),IF(E188>=4,IF(D188>=6,"H","A"),IF(E188>=2,IF(D188>=20,"H",IF(D188<=5,"L","A")),IF(D188<=19,"L","A"))),IF(OR(B188="ALI",B188="AIE"),IF(E188>=6,IF(D188>=20,"H","A"),IF(E188>=2,IF(D188>=51,"H",IF(D188<=19,"L","A")),IF(D188<=50,"L","A"))),"")))) | J188: =CONCATENATE(B188,C188) | K188: =IF(OR(H188="",H188=0),L188,H188) | L188: =IF(NOT(ISERROR(VLOOKUP(B188,Deflatores!G$42:H$64,2,FALSE))),VLOOKUP(B188,Deflatores!G$42:H$64,2,FALSE),IF(OR(ISBLANK(C188),ISBLANK(B188)),"",VLOOKUP(C188,Deflatores!G$4:H$38,2,FALSE)*H188+VLOOKUP(C188,Deflatores!G$4:I$38,3,FALSE)))
... F206: =IF(ISBLANK(B206),"",IF(I206="L","Baixa",IF(I206="A","Média",IF(I206="","","Alta")))) | G206: =CONCATENATE(B206,I206) | H206: =IF(ISBLANK(B206),"",IF(B206="ALI",IF(I206="L",7,IF(I206="A",10,15)),IF(B206="AIE",IF(I206="L",5,IF(I206="A",7,10)),IF(B206="SE",IF(I206="L",4,IF(I206="A",5,7)),IF(OR(B206="EE",B206="CE"),IF(I206="L",3,IF(I206="A",4,6)),0))))) | I206: =IF(OR(ISBLANK(D206),ISBLANK(E206)),IF(OR(B206="ALI",B206="AIE"),"L",IF(OR(B206="EE",B206="SE",B206="CE"),"A","")),IF(B206="EE",IF(E206>=3,IF(D206>=5,"H","A"),IF(E206>=2,IF(D206>=16,"H",IF(D206<=4,"L","A")),IF(D206<=15,"L","A"))),IF(OR(B206="SE",B206="CE"),IF(E206>=4,IF(D206>=6,"H","A"),IF(E206>=2,IF(D206>=20,"H",IF(D206<=5,"L","A")),IF(D206<=19,"L","A"))),IF(OR(B206="ALI",B206="AIE"),IF(E206>=6,IF(D206>=20,"H","A"),IF(E206>=2,IF(D206>=51,"H",IF(D206<=19,"L","A")),IF(D206<=50,"L","A"))),"")))) | J206: =CONCATENATE(B206,C206) | K206: =IF(OR(H206="",H206=0),L206,H206) | L206: =IF(NOT(ISERROR(VLOOKUP(B206,Deflatores!G$42:H$64,2,FALSE))),VLOOKUP(B206,Deflatores!G$42:H$64,2,FALSE),IF(OR(ISBLANK(C206),ISBLANK(B206)),"",VLOOKUP(C206,Deflatores!G$4:H$38,2,FALSE)*H206+VLOOKUP(C206,Deflatores!G$4:I$38,3,FALSE)))
F207: =IF(ISBLANK(B207),"",IF(I207="L","Baixa",IF(I207="A","Média",IF(I207="","","Alta")))) | G207: =CONCATENATE(B207,I207) | H207: =IF(ISBLANK(B207),"",IF(B207="ALI",IF(I207="L",7,IF(I207="A",10,15)),IF(B207="AIE",IF(I207="L",5,IF(I207="A",7,10)),IF(B207="SE",IF(I207="L",4,IF(I207="A",5,7)),IF(OR(B207="EE",B207="CE"),IF(I207="L",3,IF(I207="A",4,6)),0))))) | I207: =IF(OR(ISBLANK(D207),ISBLANK(E207)),IF(OR(B207="ALI",B207="AIE"),"L",IF(OR(B207="EE",B207="SE",B207="CE"),"A","")),IF(B207="EE",IF(E207>=3,IF(D207>=5,"H","A"),IF(E207>=2,IF(D207>=16,"H",IF(D207<=4,"L","A")),IF(D207<=15,"L","A"))),IF(OR(B207="SE",B207="CE"),IF(E207>=4,IF(D207>=6,"H","A"),IF(E207>=2,IF(D207>=20,"H",IF(D207<=5,"L","A")),IF(D207<=19,"L","A"))),IF(OR(B207="ALI",B207="AIE"),IF(E207>=6,IF(D207>=20,"H","A"),IF(E207>=2,IF(D207>=51,"H",IF(D207<=19,"L","A")),IF(D207<=50,"L","A"))),"")))) | J207: =CONCATENATE(B207,C207) | K207: =IF(OR(H207="",H207=0),L207,H207) | L207: =IF(NOT(ISERROR(VLOOKUP(B207,Deflatores!G$42:H$64,2,FALSE))),VLOOKUP(B207,Deflatores!G$42:H$64,2,FALSE),IF(OR(ISBLANK(C207),ISBLANK(B207)),"",VLOOKUP(C207,Deflatores!G$4:H$38,2,FALSE)*H207+VLOOKUP(C207,Deflatores!G$4:I$38,3,FALSE))) | O207: Trata-se de outra Aplicação/Sistema. Conforme alinhamento pessoal realizado com o gestor Luciano, os módulos de pregão eletrônico podem ser outras soluções de mercado e/ou desenvolver em outro momento. Por estas razões, não entram no escopo da análise.
F208: =IF(ISBLANK(B208),"",IF(I208="L","Baixa",IF(I208="A","Média",IF(I208="","","Alta")))) | G208: =CONCATENATE(B208,I208) | H208: =IF(ISBLANK(B208),"",IF(B208="ALI",IF(I208="L",7,IF(I208="A",10,15)),IF(B208="AIE",IF(I208="L",5,IF(I208="A",7,10)),IF(B208="SE",IF(I208="L",4,IF(I208="A",5,7)),IF(OR(B208="EE",B208="CE"),IF(I208="L",3,IF(I208="A",4,6)),0))))) | I208: =IF(OR(ISBLANK(D208),ISBLANK(E208)),IF(OR(B208="ALI",B208="AIE"),"L",IF(OR(B208="EE",B208="SE",B208="CE"),"A","")),IF(B208="EE",IF(E208>=3,IF(D208>=5,"H","A"),IF(E208>=2,IF(D208>=16,"H",IF(D208<=4,"L","A")),IF(D208<=15,"L","A"))),IF(OR(B208="SE",B208="CE"),IF(E208>=4,IF(D208>=6,"H","A"),IF(E208>=2,IF(D208>=20,"H",IF(D208<=5,"L","A")),IF(D208<=19,"L","A"))),IF(OR(B208="ALI",B208="AIE"),IF(E208>=6,IF(D208>=20,"H","A"),IF(E208>=2,IF(D208>=51,"H",IF(D208<=19,"L","A")),IF(D208<=50,"L","A"))),"")))) | J208: =CONCATENATE(B208,C208) | K208: =IF(OR(H208="",H208=0),L208,H208) | L208: =IF(NOT(ISERROR(VLOOKUP(B208,Deflatores!G$42:H$64,2,FALSE))),VLOOKUP(B208,Deflatores!G$42:H$64,2,FALSE),IF(OR(ISBLANK(C208),ISBLANK(B208)),"",VLOOKUP(C208,Deflatores!G$4:H$38,2,FALSE)*H208+VLOOKUP(C208,Deflatores!G$4:I$38,3,FALSE)))
F209: =IF(ISBLANK(B209),"",IF(I209="L","Baixa",IF(I209="A","Média",IF(I209="","","Alta")))) | G209: =CONCATENATE(B209,I209) | H209: =IF(ISBLANK(B209),"",IF(B209="ALI",IF(I209="L",7,IF(I209="A",10,15)),IF(B209="AIE",IF(I209="L",5,IF(I209="A",7,10)),IF(B209="SE",IF(I209="L",4,IF(I209="A",5,7)),IF(OR(B209="EE",B209="CE"),IF(I209="L",3,IF(I209="A",4,6)),0))))) | I209: =IF(OR(ISBLANK(D209),ISBLANK(E209)),IF(OR(B209="ALI",B209="AIE"),"L",IF(OR(B209="EE",B209="SE",B209="CE"),"A","")),IF(B209="EE",IF(E209>=3,IF(D209>=5,"H","A"),IF(E209>=2,IF(D209>=16,"H",IF(D209<=4,"L","A")),IF(D209<=15,"L","A"))),IF(OR(B209="SE",B209="CE"),IF(E209>=4,IF(D209>=6,"H","A"),IF(E209>=2,IF(D209>=20,"H",IF(D209<=5,"L","A")),IF(D209<=19,"L","A"))),IF(OR(B209="ALI",B209="AIE"),IF(E209>=6,IF(D209>=20,"H","A"),IF(E209>=2,IF(D209>=51,"H",IF(D209<=19,"L","A")),IF(D209<=50,"L","A"))),"")))) | J209: =CONCATENATE(B209,C209) | K209: =IF(OR(H209="",H209=0),L209,H209) | L209: =IF(NOT(ISERROR(VLOOKUP(B209,Deflatores!G$42:H$64,2,FALSE))),VLOOKUP(B209,Deflatores!G$42:H$64,2,FALSE),IF(OR(ISBLANK(C209),ISBLANK(B209)),"",VLOOKUP(C209,Deflatores!G$4:H$38,2,FALSE)*H209+VLOOKUP(C209,Deflatores!G$4:I$38,3,FALSE)))
F210: =IF(ISBLANK(B210),"",IF(I210="L","Baixa",IF(I210="A","Média",IF(I210="","","Alta")))) | G210: =CONCATENATE(B210,I210) | H210: =IF(ISBLANK(B210),"",IF(B210="ALI",IF(I210="L",7,IF(I210="A",10,15)),IF(B210="AIE",IF(I210="L",5,IF(I210="A",7,10)),IF(B210="SE",IF(I210="L",4,IF(I210="A",5,7)),IF(OR(B210="EE",B210="CE"),IF(I210="L",3,IF(I210="A",4,6)),0))))) | I210: =IF(OR(ISBLANK(D210),ISBLANK(E210)),IF(OR(B210="ALI",B210="AIE"),"L",IF(OR(B210="EE",B210="SE",B210="CE"),"A","")),IF(B210="EE",IF(E210>=3,IF(D210>=5,"H","A"),IF(E210>=2,IF(D210>=16,"H",IF(D210<=4,"L","A")),IF(D210<=15,"L","A"))),IF(OR(B210="SE",B210="CE"),IF(E210>=4,IF(D210>=6,"H","A"),IF(E210>=2,IF(D210>=20,"H",IF(D210<=5,"L","A")),IF(D210<=19,"L","A"))),IF(OR(B210="ALI",B210="AIE"),IF(E210>=6,IF(D210>=20,"H","A"),IF(E210>=2,IF(D210>=51,"H",IF(D210<=19,"L","A")),IF(D210<=50,"L","A"))),"")))) | J210: =CONCATENATE(B210,C210) | K210: =IF(OR(H210="",H210=0),L210,H210) | L210: =IF(NOT(ISERROR(VLOOKUP(B210,Deflatores!G$42:H$64,2,FALSE))),VLOOKUP(B210,Deflatores!G$42:H$64,2,FALSE),IF(OR(ISBLANK(C210),ISBLANK(B210)),"",VLOOKUP(C210,Deflatores!G$4:H$38,2,FALSE)*H210+VLOOKUP(C210,Deflatores!G$4:I$38,3,FALSE)))
F211: =IF(ISBLANK(B211),"",IF(I211="L","Baixa",IF(I211="A","Média",IF(I211="","","Alta")))) | G211: =CONCATENATE(B211,I211) | H211: =IF(ISBLANK(B211),"",IF(B211="ALI",IF(I211="L",7,IF(I211="A",10,15)),IF(B211="AIE",IF(I211="L",5,IF(I211="A",7,10)),IF(B211="SE",IF(I211="L",4,IF(I211="A",5,7)),IF(OR(B211="EE",B211="CE"),IF(I211="L",3,IF(I211="A",4,6)),0))))) | I211: =IF(OR(ISBLANK(D211),ISBLANK(E211)),IF(OR(B211="ALI",B211="AIE"),"L",IF(OR(B211="EE",B211="SE",B211="CE"),"A","")),IF(B211="EE",IF(E211>=3,IF(D211>=5,"H","A"),IF(E211>=2,IF(D211>=16,"H",IF(D211<=4,"L","A")),IF(D211<=15,"L","A"))),IF(OR(B211="SE",B211="CE"),IF(E211>=4,IF(D211>=6,"H","A"),IF(E211>=2,IF(D211>=20,"H",IF(D211<=5,"L","A")),IF(D211<=19,"L","A"))),IF(OR(B211="ALI",B211="AIE"),IF(E211>=6,IF(D211>=20,"H","A"),IF(E211>=2,IF(D211>=51,"H",IF(D211<=19,"L","A")),IF(D211<=50,"L","A"))),"")))) | J211: =CONCATENATE(B211,C211) | K211: =IF(OR(H211="",H211=0),L211,H211) | L211: =IF(NOT(ISERROR(VLOOKUP(B211,Deflatores!G$42:H$64,2,FALSE))),VLOOKUP(B211,Deflatores!G$42:H$64,2,FALSE),IF(OR(ISBLANK(C211),ISBLANK(B211)),"",VLOOKUP(C211,Deflatores!G$4:H$38,2,FALSE)*H211+VLOOKUP(C211,Deflatores!G$4:I$38,3,FALSE)))
F212: =IF(ISBLANK(B212),"",IF(I212="L","Baixa",IF(I212="A","Média",IF(I212="","","Alta")))) | G212: =CONCATENATE(B212,I212) | H212: =IF(ISBLANK(B212),"",IF(B212="ALI",IF(I212="L",7,IF(I212="A",10,15)),IF(B212="AIE",IF(I212="L",5,IF(I212="A",7,10)),IF(B212="SE",IF(I212="L",4,IF(I212="A",5,7)),IF(OR(B212="EE",B212="CE"),IF(I212="L",3,IF(I212="A",4,6)),0))))) | I212: =IF(OR(ISBLANK(D212),ISBLANK(E212)),IF(OR(B212="ALI",B212="AIE"),"L",IF(OR(B212="EE",B212="SE",B212="CE"),"A","")),IF(B212="EE",IF(E212>=3,IF(D212>=5,"H","A"),IF(E212>=2,IF(D212>=16,"H",IF(D212<=4,"L","A")),IF(D212<=15,"L","A"))),IF(OR(B212="SE",B212="CE"),IF(E212>=4,IF(D212>=6,"H","A"),IF(E212>=2,IF(D212>=20,"H",IF(D212<=5,"L","A")),IF(D212<=19,"L","A"))),IF(OR(B212="ALI",B212="AIE"),IF(E212>=6,IF(D212>=20,"H","A"),IF(E212>=2,IF(D212>=51,"H",IF(D212<=19,"L","A")),IF(D212<=50,"L","A"))),"")))) | J212: =CONCATENATE(B212,C212) | K212: =IF(OR(H212="",H212=0),L212,H212) | L212: =IF(NOT(ISERROR(VLOOKUP(B212,Deflatores!G$42:H$64,2,FALSE))),VLOOKUP(B212,Deflatores!G$42:H$64,2,FALSE),IF(OR(ISBLANK(C212),ISBLANK(B212)),"",VLOOKUP(C212,Deflatores!G$4:H$38,2,FALSE)*H212+VLOOKUP(C212,Deflatores!G$4:I$38,3,FALSE)))
F213: =IF(ISBLANK(B213),"",IF(I213="L","Baixa",IF(I213="A","Média",IF(I213="","","Alta")))) | G213: =CONCATENATE(B213,I213) | H213: =IF(ISBLANK(B213),"",IF(B213="ALI",IF(I213="L",7,IF(I213="A",10,15)),IF(B213="AIE",IF(I213="L",5,IF(I213="A",7,10)),IF(B213="SE",IF(I213="L",4,IF(I213="A",5,7)),IF(OR(B213="EE",B213="CE"),IF(I213="L",3,IF(I213="A",4,6)),0))))) | I213: =IF(OR(ISBLANK(D213),ISBLANK(E213)),IF(OR(B213="ALI",B213="AIE"),"L",IF(OR(B213="EE",B213="SE",B213="CE"),"A","")),IF(B213="EE",IF(E213>=3,IF(D213>=5,"H","A"),IF(E213>=2,IF(D213>=16,"H",IF(D213<=4,"L","A")),IF(D213<=15,"L","A"))),IF(OR(B213="SE",B213="CE"),IF(E213>=4,IF(D213>=6,"H","A"),IF(E213>=2,IF(D213>=20,"H",IF(D213<=5,"L","A")),IF(D213<=19,"L","A"))),IF(OR(B213="ALI",B213="AIE"),IF(E213>=6,IF(D213>=20,"H","A"),IF(E213>=2,IF(D213>=51,"H",IF(D213<=19,"L","A")),IF(D213<=50,"L","A"))),"")))) | J213: =CONCATENATE(B213,C213) | K213: =IF(OR(H213="",H213=0),L213,H213) | L213: =IF(NOT(ISERROR(VLOOKUP(B213,Deflatores!G$42:H$64,2,FALSE))),VLOOKUP(B213,Deflatores!G$42:H$64,2,FALSE),IF(OR(ISBLANK(C213),ISBLANK(B213)),"",VLOOKUP(C213,Deflatores!G$4:H$38,2,FALSE)*H213+VLOOKUP(C213,Deflatores!G$4:I$38,3,FALSE)))
F214: =IF(ISBLANK(B214),"",IF(I214="L","Baixa",IF(I214="A","Média",IF(I214="","","Alta")))) | G214: =CONCATENATE(B214,I214) | H214: =IF(ISBLANK(B214),"",IF(B214="ALI",IF(I214="L",7,IF(I214="A",10,15)),IF(B214="AIE",IF(I214="L",5,IF(I214="A",7,10)),IF(B214="SE",IF(I214="L",4,IF(I214="A",5,7)),IF(OR(B214="EE",B214="CE"),IF(I214="L",3,IF(I214="A",4,6)),0))))) | I214: =IF(OR(ISBLANK(D214),ISBLANK(E214)),IF(OR(B214="ALI",B214="AIE"),"L",IF(OR(B214="EE",B214="SE",B214="CE"),"A","")),IF(B214="EE",IF(E214>=3,IF(D214>=5,"H","A"),IF(E214>=2,IF(D214>=16,"H",IF(D214<=4,"L","A")),IF(D214<=15,"L","A"))),IF(OR(B214="SE",B214="CE"),IF(E214>=4,IF(D214>=6,"H","A"),IF(E214>=2,IF(D214>=20,"H",IF(D214<=5,"L","A")),IF(D214<=19,"L","A"))),IF(OR(B214="ALI",B214="AIE"),IF(E214>=6,IF(D214>=20,"H","A"),IF(E214>=2,IF(D214>=51,"H",IF(D214<=19,"L","A")),IF(D214<=50,"L","A"))),"")))) | J214: =CONCATENATE(B214,C214) | K214: =IF(OR(H214="",H214=0),L214,H214) | L214: =IF(NOT(ISERROR(VLOOKUP(B214,Deflatores!G$42:H$64,2,FALSE))),VLOOKUP(B214,Deflatores!G$42:H$64,2,FALSE),IF(OR(ISBLANK(C214),ISBLANK(B214)),"",VLOOKUP(C214,Deflatores!G$4:H$38,2,FALSE)*H214+VLOOKUP(C214,Deflatores!G$4:I$38,3,FALSE)))
F215: =IF(ISBLANK(B215),"",IF(I215="L","Baixa",IF(I215="A","Média",IF(I215="","","Alta")))) | G215: =CONCATENATE(B215,I215) | H215: =IF(ISBLANK(B215),"",IF(B215="ALI",IF(I215="L",7,IF(I215="A",10,15)),IF(B215="AIE",IF(I215="L",5,IF(I215="A",7,10)),IF(B215="SE",IF(I215="L",4,IF(I215="A",5,7)),IF(OR(B215="EE",B215="CE"),IF(I215="L",3,IF(I215="A",4,6)),0))))) | I215: =IF(OR(ISBLANK(D215),ISBLANK(E215)),IF(OR(B215="ALI",B215="AIE"),"L",IF(OR(B215="EE",B215="SE",B215="CE"),"A","")),IF(B215="EE",IF(E215>=3,IF(D215>=5,"H","A"),IF(E215>=2,IF(D215>=16,"H",IF(D215<=4,"L","A")),IF(D215<=15,"L","A"))),IF(OR(B215="SE",B215="CE"),IF(E215>=4,IF(D215>=6,"H","A"),IF(E215>=2,IF(D215>=20,"H",IF(D215<=5,"L","A")),IF(D215<=19,"L","A"))),IF(OR(B215="ALI",B215="AIE"),IF(E215>=6,IF(D215>=20,"H","A"),IF(E215>=2,IF(D215>=51,"H",IF(D215<=19,"L","A")),IF(D215<=50,"L","A"))),"")))) | J215: =CONCATENATE(B215,C215) | K215: =IF(OR(H215="",H215=0),L215,H215) | L215: =IF(NOT(ISERROR(VLOOKUP(B215,Deflatores!G$42:H$64,2,FALSE))),VLOOKUP(B215,Deflatores!G$42:H$64,2,FALSE),IF(OR(ISBLANK(C215),ISBLANK(B215)),"",VLOOKUP(C215,Deflatores!G$4:H$38,2,FALSE)*H215+VLOOKUP(C215,Deflatores!G$4:I$38,3,FALSE)))
F216: =IF(ISBLANK(B216),"",IF(I216="L","Baixa",IF(I216="A","Média",IF(I216="","","Alta")))) | G216: =CONCATENATE(B216,I216) | H216: =IF(ISBLANK(B216),"",IF(B216="ALI",IF(I216="L",7,IF(I216="A",10,15)),IF(B216="AIE",IF(I216="L",5,IF(I216="A",7,10)),IF(B216="SE",IF(I216="L",4,IF(I216="A",5,7)),IF(OR(B216="EE",B216="CE"),IF(I216="L",3,IF(I216="A",4,6)),0))))) | I216: =IF(OR(ISBLANK(D216),ISBLANK(E216)),IF(OR(B216="ALI",B216="AIE"),"L",IF(OR(B216="EE",B216="SE",B216="CE"),"A","")),IF(B216="EE",IF(E216>=3,IF(D216>=5,"H","A"),IF(E216>=2,IF(D216>=16,"H",IF(D216<=4,"L","A")),IF(D216<=15,"L","A"))),IF(OR(B216="SE",B216="CE"),IF(E216>=4,IF(D216>=6,"H","A"),IF(E216>=2,IF(D216>=20,"H",IF(D216<=5,"L","A")),IF(D216<=19,"L","A"))),IF(OR(B216="ALI",B216="AIE"),IF(E216>=6,IF(D216>=20,"H","A"),IF(E216>=2,IF(D216>=51,"H",IF(D216<=19,"L","A")),IF(D216<=50,"L","A"))),"")))) | J216: =CONCATENATE(B216,C216) | K216: =IF(OR(H216="",H216=0),L216,H216) | L216: =IF(NOT(ISERROR(VLOOKUP(B216,Deflatores!G$42:H$64,2,FALSE))),VLOOKUP(B216,Deflatores!G$42:H$64,2,FALSE),IF(OR(ISBLANK(C216),ISBLANK(B216)),"",VLOOKUP(C216,Deflatores!G$4:H$38,2,FALSE)*H216+VLOOKUP(C216,Deflatores!G$4:I$38,3,FALSE)))
F217: =IF(ISBLANK(B217),"",IF(I217="L","Baixa",IF(I217="A","Média",IF(I217="","","Alta")))) | G217: =CONCATENATE(B217,I217) | H217: =IF(ISBLANK(B217),"",IF(B217="ALI",IF(I217="L",7,IF(I217="A",10,15)),IF(B217="AIE",IF(I217="L",5,IF(I217="A",7,10)),IF(B217="SE",IF(I217="L",4,IF(I217="A",5,7)),IF(OR(B217="EE",B217="CE"),IF(I217="L",3,IF(I217="A",4,6)),0))))) | I217: =IF(OR(ISBLANK(D217),ISBLANK(E217)),IF(OR(B217="ALI",B217="AIE"),"L",IF(OR(B217="EE",B217="SE",B217="CE"),"A","")),IF(B217="EE",IF(E217>=3,IF(D217>=5,"H","A"),IF(E217>=2,IF(D217>=16,"H",IF(D217<=4,"L","A")),IF(D217<=15,"L","A"))),IF(OR(B217="SE",B217="CE"),IF(E217>=4,IF(D217>=6,"H","A"),IF(E217>=2,IF(D217>=20,"H",IF(D217<=5,"L","A")),IF(D217<=19,"L","A"))),IF(OR(B217="ALI",B217="AIE"),IF(E217>=6,IF(D217>=20,"H","A"),IF(E217>=2,IF(D217>=51,"H",IF(D217<=19,"L","A")),IF(D217<=50,"L","A"))),"")))) | J217: =CONCATENATE(B217,C217) | K217: =IF(OR(H217="",H217=0),L217,H217) | L217: =IF(NOT(ISERROR(VLOOKUP(B217,Deflatores!G$42:H$64,2,FALSE))),VLOOKUP(B217,Deflatores!G$42:H$64,2,FALSE),IF(OR(ISBLANK(C217),ISBLANK(B217)),"",VLOOKUP(C217,Deflatores!G$4:H$38,2,FALSE)*H217+VLOOKUP(C217,Deflatores!G$4:I$38,3,FALSE)))
F218: =IF(ISBLANK(B218),"",IF(I218="L","Baixa",IF(I218="A","Média",IF(I218="","","Alta")))) | G218: =CONCATENATE(B218,I218) | H218: =IF(ISBLANK(B218),"",IF(B218="ALI",IF(I218="L",7,IF(I218="A",10,15)),IF(B218="AIE",IF(I218="L",5,IF(I218="A",7,10)),IF(B218="SE",IF(I218="L",4,IF(I218="A",5,7)),IF(OR(B218="EE",B218="CE"),IF(I218="L",3,IF(I218="A",4,6)),0))))) | I218: =IF(OR(ISBLANK(D218),ISBLANK(E218)),IF(OR(B218="ALI",B218="AIE"),"L",IF(OR(B218="EE",B218="SE",B218="CE"),"A","")),IF(B218="EE",IF(E218>=3,IF(D218>=5,"H","A"),IF(E218>=2,IF(D218>=16,"H",IF(D218<=4,"L","A")),IF(D218<=15,"L","A"))),IF(OR(B218="SE",B218="CE"),IF(E218>=4,IF(D218>=6,"H","A"),IF(E218>=2,IF(D218>=20,"H",IF(D218<=5,"L","A")),IF(D218<=19,"L","A"))),IF(OR(B218="ALI",B218="AIE"),IF(E218>=6,IF(D218>=20,"H","A"),IF(E218>=2,IF(D218>=51,"H",IF(D218<=19,"L","A")),IF(D218<=50,"L","A"))),"")))) | J218: =CONCATENATE(B218,C218) | K218: =IF(OR(H218="",H218=0),L218,H218) | L218: =IF(NOT(ISERROR(VLOOKUP(B218,Deflatores!G$42:H$64,2,FALSE))),VLOOKUP(B218,Deflatores!G$42:H$64,2,FALSE),IF(OR(ISBLANK(C218),ISBLANK(B218)),"",VLOOKUP(C218,Deflatores!G$4:H$38,2,FALSE)*H218+VLOOKUP(C218,Deflatores!G$4:I$38,3,FALSE)))
F219: =IF(ISBLANK(B219),"",IF(I219="L","Baixa",IF(I219="A","Média",IF(I219="","","Alta")))) | G219: =CONCATENATE(B219,I219) | H219: =IF(ISBLANK(B219),"",IF(B219="ALI",IF(I219="L",7,IF(I219="A",10,15)),IF(B219="AIE",IF(I219="L",5,IF(I219="A",7,10)),IF(B219="SE",IF(I219="L",4,IF(I219="A",5,7)),IF(OR(B219="EE",B219="CE"),IF(I219="L",3,IF(I219="A",4,6)),0))))) | I219: =IF(OR(ISBLANK(D219),ISBLANK(E219)),IF(OR(B219="ALI",B219="AIE"),"L",IF(OR(B219="EE",B219="SE",B219="CE"),"A","")),IF(B219="EE",IF(E219>=3,IF(D219>=5,"H","A"),IF(E219>=2,IF(D219>=16,"H",IF(D219<=4,"L","A")),IF(D219<=15,"L","A"))),IF(OR(B219="SE",B219="CE"),IF(E219>=4,IF(D219>=6,"H","A"),IF(E219>=2,IF(D219>=20,"H",IF(D219<=5,"L","A")),IF(D219<=19,"L","A"))),IF(OR(B219="ALI",B219="AIE"),IF(E219>=6,IF(D219>=20,"H","A"),IF(E219>=2,IF(D219>=51,"H",IF(D219<=19,"L","A")),IF(D219<=50,"L","A"))),"")))) | J219: =CONCATENATE(B219,C219) | K219: =IF(OR(H219="",H219=0),L219,H219) | L219: =IF(NOT(ISERROR(VLOOKUP(B219,Deflatores!G$42:H$64,2,FALSE))),VLOOKUP(B219,Deflatores!G$42:H$64,2,FALSE),IF(OR(ISBLANK(C219),ISBLANK(B219)),"",VLOOKUP(C219,Deflatores!G$4:H$38,2,FALSE)*H219+VLOOKUP(C219,Deflatores!G$4:I$38,3,FALSE)))
... F807: =IF(ISBLANK(B807),"",IF(I807="L","Baixa",IF(I807="A","Média",IF(I807="","","Alta")))) | G807: =CONCATENATE(B807,I807) | H807: =IF(ISBLANK(B807),"",IF(B807="ALI",IF(I807="L",7,IF(I807="A",10,15)),IF(B807="AIE",IF(I807="L",5,IF(I807="A",7,10)),IF(B807="SE",IF(I807="L",4,IF(I807="A",5,7)),IF(OR(B807="EE",B807="CE"),IF(I807="L",3,IF(I807="A",4,6)),0))))) | I807: =IF(OR(ISBLANK(D807),ISBLANK(E807)),IF(OR(B807="ALI",B807="AIE"),"L",IF(OR(B807="EE",B807="SE",B807="CE"),"A","")),IF(B807="EE",IF(E807>=3,IF(D807>=5,"H","A"),IF(E807>=2,IF(D807>=16,"H",IF(D807<=4,"L","A")),IF(D807<=15,"L","A"))),IF(OR(B807="SE",B807="CE"),IF(E807>=4,IF(D807>=6,"H","A"),IF(E807>=2,IF(D807>=20,"H",IF(D807<=5,"L","A")),IF(D807<=19,"L","A"))),IF(OR(B807="ALI",B807="AIE"),IF(E807>=6,IF(D807>=20,"H","A"),IF(E807>=2,IF(D807>=51,"H",IF(D807<=19,"L","A")),IF(D807<=50,"L","A"))),"")))) | J807: =CONCATENATE(B807,C807) | K807: =IF(OR(H807="",H807=0),L807,H807) | L807: =IF(NOT(ISERROR(VLOOKUP(B807,Deflatores!G$42:H$64,2,FALSE))),VLOOKUP(B807,Deflatores!G$42:H$64,2,FALSE),IF(OR(ISBLANK(C807),ISBLANK(B807)),"",VLOOKUP(C807,Deflatores!G$4:H$38,2,FALSE)*H807+VLOOKUP(C807,Deflatores!G$4:I$38,3,FALSE)))

Sheet Deflatores
A1: Itens Não Mensuráveis
A2: Tipo de Manutenção na Função | G2: Sigla | H2: Contribuição em PF Local | J2: PF IFPUG | K2: PF Local FS
A3: Contrato | B3: Descrição | F3: Origem | H3: Percentual (%) | I3: Fixa (PF)
A4: Adicionada | B4: Inclusão | G4: I | H4: 1 | J4: =SUMIF(#REF!,Deflatores!G4,#REF!) -> #N/A | K4: =IF(H4="",COUNTIF(#REF!,G4)*I4,H4*J4) -> #N/A
A5: Alterada | B5: Alteração (sem conhecimento do Fator de Impacto) | F5: SISP – 4.2 Projeto de Melhoria | G5: A | H5: 0.5 | J5: =SUMIF(#REF!,Deflatores!G5,#REF!) -> #N/A | K5: =IF(H5="",COUNTIF(#REF!,G5)*I5,H5*J5) -> #N/A
A6: Excluída | B6: Exclusão | F6: SISP – 4.2 Projeto de Melhoria | G6: E | H6: 0.4 | J6: =SUMIF(#REF!,Deflatores!G6,#REF!) -> #N/A | K6: =IF(H6="",COUNTIF(#REF!,G6)*I6,H6*J6) -> #N/A
B7: Alteração (50%) de função desenvolvida ou já alterada pela empresa atual | F7: SISP – 4.2 Projeto de Melhoria | G7: A50 | H7: 0.5 | J7: =SUMIF(#REF!,Deflatores!G7,#REF!) -> #N/A | K7: =IF(H7="",COUNTIF(#REF!,G7)*I7,H7*J7) -> #N/A
B8: Alteração (75%) de função não desenv. e ainda não alterada pela empresa atual | F8: SISP – 4.2 Projeto de Melhoria | G8: A75 | H8: 0.75 | J8: =SUMIF(#REF!,Deflatores!G8,#REF!) -> #N/A | K8: =IF(H8="",COUNTIF(#REF!,G8)*I8,H8*J8) -> #N/A
B9: Alteração (75%+15%): o mesmo acima + redocumentar a função | F9: SISP – 4.2 Projeto de Melhoria | G9: A90 | H9: 0.9 | J9: =SUMIF(#REF!,Deflatores!G9,#REF!) -> #N/A | K9: =IF(H9="",COUNTIF(#REF!,G9)*I9,H9*J9) -> #N/A
B10: Migração de Dados | F10: SISP – 4.3 Projetos de Migração de Dados | G10: PMD | H10: 1 | J10: =SUMIF(#REF!,Deflatores!G10,#REF!) -> #N/A | K10: =IF(H10="",COUNTIF(#REF!,G10)*I10,H10*J10) -> #N/A
B11: Corretiva (sem conhecimento do Fator de Impacto) | F11: SISP – 4.4 Manutenção Corretiva | G11: COR | H11: 0.5 | J11: =SUMIF(#REF!,Deflatores!G11,#REF!) -> #N/A | K11: =IF(H11="",COUNTIF(#REF!,G11)*I11,H11*J11) -> #N/A
B12: Corretiva (50%) - Fora da garantia (mesma empresa) | F12: SISP – 4.4 Manutenção Corretiva | G12: COR50 | H12: 0.5 | J12: =SUMIF(#REF!,Deflatores!G12,#REF!) -> #N/A | K12: =IF(H12="",COUNTIF(#REF!,G12)*I12,H12*J12) -> #N/A
B13: Corretiva (75%) - Fora da garantia (outra empresa) | F13: SISP – 4.4 Manutenção Corretiva | G13: COR75 | H13: 0.75 | J13: =SUMIF(#REF!,Deflatores!G13,#REF!) -> #N/A | K13: =IF(H13="",COUNTIF(#REF!,G13)*I13,H13*J13) -> #N/A
B14: Corretiva (75%+15%) - Fora da garantia (outra empresa) + Redocumentação | F14: SISP – 4.4 Manutenção Corretiva | G14: COR90 | H14: 0.9 | J14: =SUMIF(#REF!,Deflatores!G14,#REF!) -> #N/A | K14: =IF(H14="",COUNTIF(#REF!,G14)*I14,H14*J14) -> #N/A
B15: Corretiva em Garantia | F15: SISP – 4.4 Manutenção Corretiva | G15: GAR | H15: 0 | J15: =SUMIF(#REF!,Deflatores!G15,#REF!) -> #N/A | K15: =IF(H15="",COUNTIF(#REF!,G15)*I15,H15*J15) -> #N/A
B16: Mudança de Plataforma - Linguagem de Programação | F16: SISP – 4.5.1 Mudança de Plataforma – Linguagem de Programação | G16: MLP | H16: 1 | J16: =SUMIF(#REF!,Deflatores!G16,#REF!) -> #N/A | K16: =IF(H16="",COUNTIF(#REF!,G16)*I16,H16*J16) -> #N/A
B17: Mudança de Plataforma - Banco de Dados (outro paradigma) | F17: SISP – 4.5.2 Mudança de Plataforma – Banco de Dados | G17: MBO | H17: 1 | J17: =SUMIF(#REF!,Deflatores!G17,#REF!) -> #N/A | K17: =IF(H17="",COUNTIF(#REF!,G17)*I17,H17*J17) -> #N/A
B18: Mudança de Plataforma - Banco de Dados (mesmo paradigma com alterações) | F18: SISP – 4.5.2 Mudança de Plataforma – Banco de Dados | G18: MBM | H18: 0.3 | J18: =SUMIF(#REF!,Deflatores!G18,#REF!) -> #N/A | K18: =IF(H18="",COUNTIF(#REF!,G18)*I18,H18*J18) -> #N/A
... B21: Atualização de Versão – Banco de Dados | F21: SISP – 4.6.3 Atualização de Versão – Banco de Dados | G21: ABD | H21: 0.3 | J21: =SUMIF(#REF!,Deflatores!G21,#REF!) -> #N/A | K21: =IF(H21="",COUNTIF(#REF!,G21)*I21,H21*J21) -> #N/A
B22: Manutenção Cosmética | F22: SISP – 4.7 Manutenção Cosmética | G22: COS | I22: 0.6 | J22: =SUMIF(#REF!,Deflatores!G22,#REF!) -> #N/A | K22: =IF(H22="",COUNTIF(#REF!,G22)*I22,H22*J22) -> #REF!
B23: Adaptação em Funcionalidades sem Alteração de Requisitos Funcionais (sem conhecimento do Fator de Impacto) | F23: SISP – 4.8 Adaptação em Funcionalidades sem Alteração de Requisitos Funcionais | G23: ARN | H23: 0.5 | J23: =SUMIF(#REF!,Deflatores!G23,#REF!) -> #N/A | K23: =IF(H23="",COUNTIF(#REF!,G23)*I23,H23*J23) -> #N/A
B24: Adaptação em Funcionalidades sem Alteração de Requisitos Funcionais (50%) (em função desenvolvida ou já alterada pela empresa atual) | F24: SISP – 4.8 Adaptação em Funcionalidades sem Alteração de Requisitos Funcionais | G24: ARN50 | H24: 0.5 | J24: =SUMIF(#REF!,Deflatores!G24,#REF!) -> #N/A | K24: =IF(H24="",COUNTIF(#REF!,G24)*I24,H24*J24) -> #N/A
B25: Adaptação em Funcionalidades sem Alteração de Requisitos Funcionais (75%) (em função não desenvolvida e ainda não alterada pela empresa atual) | F25: SISP – 4.8 Adaptação em Funcionalidades sem Alteração de Requisitos Funcionais | G25: ARN75 | H25: 0.75 | J25: =SUMIF(#REF!,Deflatores!G25,#REF!) -> #N/A | K25: =IF(H25="",COUNTIF(#REF!,G25)*I25,H25*J25) -> #N/A
B26: Atualização de Dados sem Consulta Prévia | F26: SISP – 4.9.1 Apuração Especial – Base de Dados | G26: ADS | H26: 1 | J26: =SUMIF(#REF!,Deflatores!G26,#REF!) -> #N/A | K26: =IF(H26="",COUNTIF(#REF!,G26)*I26,H26*J26) -> #N/A
B27: Consulta Prévia sem Atualização | F27: SISP – 4.9.1 Apuração Especial – Base de Dados | G27: CPA | H27: 1 | J27: =SUMIF(#REF!,Deflatores!G27,#REF!) -> #N/A | K27: =IF(H27="",COUNTIF(#REF!,G27)*I27,H27*J27) -> #N/A
B28: Atualização de Dados com Consulta Prévia | F28: SISP – 4.9.1 Apuração Especial – Base de Dados | G28: ADC | H28: 0.6 | J28: =SUMIF(#REF!,Deflatores!G28,#REF!) -> #N/A | K28: =IF(H28="",COUNTIF(#REF!,G28)*I28,H28*J28) -> #N/A
B29: Apuração Especial – Geração de Relatórios | F29: SISP – 4.9.2 Apuração Especial – Geração de Relatórios | G29: AGR | H29: 1 | J29: =SUMIF(#REF!,Deflatores!G29,#REF!) -> #N/A | K29: =IF(H29="",COUNTIF(#REF!,G29)*I29,H29*J29) -> #N/A
B30: Apuração Especial – Reexecução | F30: SISP – 4.9.3 Apuração Especial – Reexecução | G30: AER | H30: 0.1 | J30: =SUMIF(#REF!,Deflatores!G30,#REF!) -> #N/A | K30: =IF(H30="",COUNTIF(#REF!,G30)*I30,H30*J30) -> #N/A
B31: Atualização de Dados | F31: SISP – 4.10 Atualização de Dados | G31: ATD | H31: 0.1 | J31: =SUMIF(#REF!,Deflatores!G31,#REF!) -> #N/A | K31: =IF(H31="",COUNTIF(#REF!,G31)*I31,H31*J31) -> #N/A
B32: Manutenção de Documentação de Sistemas Legados | F32: SISP – 4.12 Manutenção de Documentação de Sistemas Legados | G32: MSL | H32: 0.25 | J32: =SUMIF(#REF!,Deflatores!G32,#REF!) -> #N/A | K32: =IF(H32="",COUNTIF(#REF!,G32)*I32,H32*J32) -> #N/A
B33: Verificação de Erros (Sem Documentação de Teste existente) | F33: SISP – 4.13 Verificação de Erros | G33: VES | H33: 0.2 | J33: =SUMIF(#REF!,Deflatores!G33,#REF!) -> #N/A | K33: =IF(H33="",COUNTIF(#REF!,G33)*I33,H33*J33) -> #N/A
B34: Verificação de Erros (Com Documentação de Teste existente) | F34: SISP – 4.13 Verificação de Erros | G34: VEC | H34: 0.15 | J34: =SUMIF(#REF!,Deflatores!G34,#REF!) -> #N/A | K34: =IF(H34="",COUNTIF(#REF!,G34)*I34,H34*J34) -> #N/A
... B36: Componente Interno Reusável | F36: SISP – 4.15 Componente Interno Reusável | G36: CIR | H36: 1 | J36: =SUMIF(#REF!,Deflatores!G36,#REF!) -> #N/A | K36: =IF(H36="",COUNTIF(#REF!,G36)*I36,H36*J36) -> #N/A
G37: . | J37: =SUMIF(#REF!,Deflatores!G37,#REF!) -> #N/A | K37: =IF(H37="",COUNTIF(#REF!,G37)*I37,H37*J37) -> #REF! | L37: ALI
G38: . | J38: =SUMIF(#REF!,Deflatores!G38,#REF!) -> #N/A | K38: =IF(H38="",COUNTIF(#REF!,G38)*I38,H38*J38) -> #REF! | L38: AIE
L39: EE
A40: Itens Não Mensuráveis | G40: Sigla | H40: Contribuição em PF Local | J40: Quantidade | K40: PF Local FS | L40: CE
A41: Contrato | B41: Descrição | F41: Origem | L41: SE
B42: Páginas Estáticas | F42: SISP – 4.11 Desenvolvimento, Manutenção e Publicação de Paginas Estáticas de Intranet, Internet ou Portal | G42: PAG | H42: 0.6 | J42: =COUNTIF(#REF!,G42) -> #REF! | K42: =SUMIF(#REF!,$G42,#REF!) -> #N/A | L42: =""&G42 -> PAG
B43: Manutenção Cosmética (atrelada a algo não funcional) | F43: SISP – 4.7 Manutenção Cosmética | G43: COSNF | H43: 0.6 | J43: =COUNTIF(#REF!,G43) -> #REF! | K43: =SUMIF(#REF!,$G43,#REF!) -> #N/A | L43: =""&G43 -> COSNF
B44: Dados de Código | G44: DC | H44: 0 | J44: =COUNTIF(#REF!,G44) -> #REF! | K44: =SUMIF(#REF!,$G44,#REF!) -> #N/A | L44: =""&G44 -> DC
G45: . | J45: =COUNTIF(#REF!,G45) -> #REF! | K45: =SUMIF(#REF!,$G45,#REF!) -> #N/A | L45: =""&G45 -> .
G46: . | J46: =COUNTIF(#REF!,G46) -> #REF! | K46: =SUMIF(#REF!,$G46,#REF!) -> #N/A | L46: =""&G46 -> .
G47: . | J47: =COUNTIF(#REF!,G47) -> #REF! | K47: =SUMIF(#REF!,$G47,#REF!) -> #N/A | L47: =""&G47 -> .
G48: . | J48: =COUNTIF(#REF!,G48) -> #REF! | K48: =SUMIF(#REF!,$G48,#REF!) -> #N/A | L48: =""&G48 -> .
G49: . | J49: =COUNTIF(#REF!,G49) -> #REF! | K49: =SUMIF(#REF!,$G49,#REF!) -> #N/A | L49: =""&G49 -> .
G50: . | J50: =COUNTIF(#REF!,G50) -> #REF! | K50: =SUMIF(#REF!,$G50,#REF!) -> #N/A | L50: =""&G50 -> .
G51: . | J51: =COUNTIF(#REF!,G51) -> #REF! | K51: =SUMIF(#REF!,$G51,#REF!) -> #N/A | L51: =""&G51 -> .
G52: . | J52: =COUNTIF(#REF!,G52) -> #REF! | K52: =SUMIF(#REF!,$G52,#REF!) -> #N/A | L52: =""&G52 -> .
G53: . | J53: =COUNTIF(#REF!,G53) -> #REF! | K53: =SUMIF(#REF!,$G53,#REF!) -> #N/A | L53: =""&G53 -> .
G54: . | J54: =COUNTIF(#REF!,G54) -> #REF! | K54: =SUMIF(#REF!,$G54,#REF!) -> #N/A | L54: =""&G54 -> .
G55: . | J55: =COUNTIF(#REF!,G55) -> #REF! | K55: =SUMIF(#REF!,$G55,#REF!) -> #N/A | L55: =""&G55 -> .
G56: . | J56: =COUNTIF(#REF!,G56) -> #REF! | K56: =SUMIF(#REF!,$G56,#REF!) -> #N/A | L56: =""&G56 -> .
... G64: . | J64: =COUNTIF(#REF!,G64) -> #REF! | K64: =SUMIF(#REF!,$G64,#REF!) -> #N/A | L64: =""&G64 -> .

Sheet Sumário 1
A1: Sumário da Contagem
A4: =Contagem!A5&" : "&Contagem!F5 -> Aplicação : MANOPLA | F4: =Contagem!A8&" : "&Contagem!F8 -> Projeto : MANOPLA
A5: =Contagem!A9&" : "&Contagem!F9 -> Responsável : João Cleber | F5: =Contagem!A10&" : "&Contagem!F10 -> Revisor : João Cleber
A6: =Contagem!A4&" : "&Contagem!F4 -> Empresa : Secretaria de Estado de Planejamento e Gestão de Mato Grosso | F6: ="Tipo de Contagem : "&Contagem!F6 -> Tipo de Contagem : Aplicação
A7: Tipo de Função | C7: Complexidade Funcional | G7: Total PF IFPUG por Complexidade | H7: % | J7: Total PF Local FS por tipo de manutenção básica | L7: %
B10: EE | C10: =COUNTIF(#REF!,"EEL") -> #REF! | E10: Baixa | F10: x 3 | G10: =C10*3 -> #REF! | J10: =Deflatores!$G$4&"=" -> I= | K10: =SUMIF(#REF!,"EE"&Deflatores!G4,#REF!) -> #N/A
C11: =COUNTIF(#REF!,"EEA") -> #REF! | E11: Média | F11: x 4 | G11: =C11*4 -> #REF! | J11: =Deflatores!$G$5&"=" -> A= | K11: =SUMIF(#REF!,"EE"&Deflatores!G5,#REF!) -> #N/A
C12: =COUNTIF(#REF!,"EEH") -> #REF! | E12: Alta | F12: x 6 | G12: =C12*6 -> #REF! | J12: =Deflatores!$G$6&"=" -> E= | K12: =SUMIF(#REF!,"EE"&Deflatores!G6,#REF!) -> #N/A
B14: Qtd Total | C14: =SUM(C10:C12) -> #REF! | F14: Total | G14: =SUM(G10:G12) -> #REF! | H14: =IF($G$45<>0,G14/$G$45,"") -> #REF! | K14: =SUM(K10:K13) -> #N/A | L14: =IF('Sumário 2'!L11<>0,K14/'Sumário 2'!L11,"") -> #REF!
B17: SE | C17: =COUNTIF(#REF!,"SEL") -> #REF! | E17: Baixa | F17: x 4 | G17: =C17*4 -> #REF! | J17: =Deflatores!$G$4&"=" -> I= | K17: =SUMIF(#REF!,"SE"&Deflatores!$G$4,#REF!) -> #N/A
C18: =COUNTIF(#REF!,"SEA") -> #REF! | E18: Média | F18: x 5 | G18: =C18*5 -> #REF! | J18: =Deflatores!$G$5&"=" -> A= | K18: =SUMIF(#REF!,"SE"&Deflatores!$G$5,#REF!) -> #N/A
C19: =COUNTIF(#REF!,"SEH") -> #REF! | E19: Alta | F19: x 7 | G19: =C19*7 -> #REF! | J19: =Deflatores!$G$6&"=" -> E= | K19: =SUMIF(#REF!,"SE"&Deflatores!$G$6,#REF!) -> #N/A
B21: Qtd Total | C21: =SUM(C17:C19) -> #REF! | F21: Total | G21: =SUM(G17:G19) -> #REF! | H21: =IF($G$45<>0,G21/$G$45,"") -> #REF! | K21: =SUM(K17:K20) -> #N/A | L21: =IF('Sumário 2'!L11<>0,K21/'Sumário 2'!L11,"") -> #REF!
B24: CE | C24: =COUNTIF(#REF!,"CEL") -> #REF! | E24: Baixa | F24: x 3 | G24: =C24*3 -> #REF! | J24: =Deflatores!$G$4&"=" -> I= | K24: =SUMIF(#REF!,"CE"&Deflatores!$G$4,#REF!) -> #N/A
C25: =COUNTIF(#REF!,"CEA") -> #REF! | E25: Média | F25: x 4 | G25: =C25*4 -> #REF! | J25: =Deflatores!$G$5&"=" -> A= | K25: =SUMIF(#REF!,"CE"&Deflatores!$G$5,#REF!) -> #N/A
C26: =COUNTIF(#REF!,"CEH") -> #REF! | E26: Alta | F26: x 6 | G26: =C26*6 -> #REF! | J26: =Deflatores!$G$6&"=" -> E= | K26: =SUMIF(#REF!,"CE"&Deflatores!$G$6,#REF!) -> #N/A
B28: Qtd Total | C28: =SUM(C24:C26) -> #REF! | F28: Total | G28: =SUM(G24:G26) -> #REF! | H28: =IF($G$45<>0,G28/$G$45,"") -> #REF! | K28: =SUM(K24:K27) -> #N/A | L28: =IF('Sumário 2'!L11<>0,K28/'Sumário 2'!L11,"") -> #REF!
B31: ALI | C31: =COUNTIF(#REF!,"ALIL") -> #REF! | E31: Baixa | F31: x 7 | G31: =C31*7 -> #REF! | J31: =Deflatores!$G$4&"=" -> I= | K31: =SUMIF(#REF!,"ALI"&Deflatores!$G$4,#REF!) -> #N/A
C32: =COUNTIF(#REF!,"ALIA") -> #REF! | E32: Média | F32: x 10 | G32: =C32*10 -> #REF! | J32: =Deflatores!$G$5&"=" -> A= | K32: =SUMIF(#REF!,"ALI"&Deflatores!$G$5,#REF!) -> #N/A
C33: =COUNTIF(#REF!,"ALIH") -> #REF! | E33: Alta | F33: x 15 | G33: =C33*15 -> #REF! | J33: =Deflatores!$G$6&"=" -> E= | K33: =SUMIF(#REF!,"ALI"&Deflatores!$G$6,#REF!) -> #N/A
B35: Qtd Total | C35: =SUM(C31:C33) -> #REF! | F35: Total | G35: =SUM(G31:G33) -> #REF! | H35: =IF($G$45<>0,G35/$G$45,"") -> #REF! | K35: =SUM(K31:K34) -> #N/A | L35: =IF('Sumário 2'!L11<>0,K35/'Sumário 2'!L11,"") -> #REF!
B38: AIE | C38: =COUNTIF(#REF!,"AIEL") -> #REF! | E38: Baixa | F38: x 5 | G38: =C38*5 -> #REF! | J38: =Deflatores!$G$4&"=" -> I= | K38: =SUMIF(#REF!,"AIE"&Deflatores!$G$4,#REF!) -> #N/A
C39: =COUNTIF(#REF!,"AIEA") -> #REF! | E39: Média | F39: x 7 | G39: =C39*7 -> #REF! | J39: =Deflatores!$G$5&"=" -> A= | K39: =SUMIF(#REF!,"AIE"&Deflatores!$G$5,#REF!) -> #N/A
C40: =COUNTIF(#REF!,"AIEH") -> #REF! | E40: Alta | F40: x 10 | G40: =C40*10 -> #REF! | J40: =Deflatores!$G$6&"=" -> E= | K40: =SUMIF(#REF!,"AIE"&Deflatores!$G$6,#REF!) -> #N/A
B42: Qtd Total | C42: =SUM(C38:C40) -> #REF! | F42: Total | G42: =SUM(G38:G40) -> #REF! | H42: =IF($G$45<>0,G42/$G$45,"") -> #REF! | K42: =SUM(K38:K41) -> #N/A | L42: =IF('Sumário 2'!L11<>0,K42/'Sumário 2'!L11,"") -> #REF!
B45: Total PF não ajustados (contagem detalhada) | G45: =SUM(G14+G21+G28+G35+G42) -> #REF!
B46: Total PF não ajustados (contagem estimativa) | G46: =(C10+C11+C12)*4+(C17+C18+C19)*5+(C24+C25+C26)*4+(C31+C32+C33)*7+(C38+C39+C40)*5 -> #REF!
B47: Total PF não ajustados (contagem indicativa) | G47: =(C31+C32+C33)*35+(C38+C39+C40)*15 -> #REF!

Sheet Sumário 2
A1: Sumário por Deflatores e Itens não mensuráveis
A4: =Contagem!A5&" : "&Contagem!F5 -> Aplicação : MANOPLA | F4: =Contagem!A8&" : "&Contagem!F8 -> Projeto : MANOPLA
A5: =Contagem!A9&" : "&Contagem!F9 -> Responsável : João Cleber | F5: =Contagem!A10&" : "&Contagem!F10 -> Revisor : João Cleber
A6: =Contagem!A4&" : "&Contagem!F4 -> Empresa : Secretaria de Estado de Planejamento e Gestão de Mato Grosso | F6: ="Tipo de Contagem : "&Contagem!F6 -> Tipo de Contagem : Aplicação
B9: Deflatores aplicados a Itens Funcionais | E9: Quantidade | F9: PF IFPUG | G9: Deflator | H9: Contrib. Fixa | I9: PF Local da FS | J9: % LOCAL
B10: =""&Deflatores!B4 -> Inclusão | D10: =""&Deflatores!G4 -> I | E10: =IF(D10="","",COUNTIF(#REF!,D10)) -> #REF! | F10: =SUMIF(#REF!,Deflatores!G4,#REF!) -> #N/A | G10: =IF(ISBLANK(Deflatores!H4),"",Deflatores!H4) -> 1 | H10: =IF(ISBLANK(Deflatores!I4),"",Deflatores!I4) | I10: =IF(F10=0,Deflatores!K4,F10*G10) -> #N/A | J10: =IF($L$11<>0,I10/$L$11,"") -> #REF! | L10: PF Local da FS
B11: =""&Deflatores!B5 -> Alteração (sem conhecimento do Fator de Impacto) | D11: =""&Deflatores!G5 -> A | E11: =IF(D11="","",COUNTIF(#REF!,D11)) -> #REF! | F11: =SUMIF(#REF!,Deflatores!G5,#REF!) -> #N/A | G11: =IF(ISBLANK(Deflatores!H5),"",Deflatores!H5) -> 0.5 | H11: =IF(ISBLANK(Deflatores!I5),"",Deflatores!I5) | I11: =IF(F11=0,Deflatores!K5,F11*G11) -> #N/A | J11: =IF($L$11<>0,I11/$L$11,"") -> #REF! | L11: =Contagem!Q6 -> #REF!
B12: =""&Deflatores!B6 -> Exclusão | D12: =""&Deflatores!G6 -> E | E12: =IF(D12="","",COUNTIF(#REF!,D12)) -> #REF! | F12: =SUMIF(#REF!,Deflatores!G6,#REF!) -> #N/A | G12: =IF(ISBLANK(Deflatores!H6),"",Deflatores!H6) -> 0.4 | H12: =IF(ISBLANK(Deflatores!I6),"",Deflatores!I6) | I12: =IF(F12=0,Deflatores!K6,F12*G12) -> #N/A | J12: =IF($L$11<>0,I12/$L$11,"") -> #REF!
B13: =""&Deflatores!B7 -> Alteração (50%) de função desenvolvida ou já alterada pela empresa atual | D13: =""&Deflatores!G7 -> A50 | E13: =IF(D13="","",COUNTIF(#REF!,D13)) -> #REF! | F13: =SUMIF(#REF!,Deflatores!G7,#REF!) -> #N/A | G13: =IF(ISBLANK(Deflatores!H7),"",Deflatores!H7) -> 0.5 | H13: =IF(ISBLANK(Deflatores!I7),"",Deflatores!I7) | I13: =Deflatores!K7 -> #N/A | J13: =IF($L$11<>0,I13/$L$11,"") -> #REF! | L13: Total IFPUG
B14: =""&Deflatores!B8 -> Alteração (75%) de função não desenv. e ainda não alterada pela empresa atual | D14: =""&Deflatores!G8 -> A75 | E14: =IF(D14="","",COUNTIF(#REF!,D14)) -> #REF! | F14: =SUMIF(#REF!,Deflatores!G8,#REF!) -> #N/A | G14: =IF(ISBLANK(Deflatores!H8),"",Deflatores!H8) -> 0.75 | H14: =IF(ISBLANK(Deflatores!I8),"",Deflatores!I8) | I14: =Deflatores!K8 -> #N/A | J14: =IF($L$11<>0,I14/$L$11,"") -> #REF! | L14: =Contagem!Q4 -> #REF!
B15: =""&Deflatores!B9 -> Alteração (75%+15%): o mesmo acima + redocumentar a função | D15: =""&Deflatores!G9 -> A90 | E15: =IF(D15="","",COUNTIF(#REF!,D15)) -> #REF! | F15: =SUMIF(#REF!,Deflatores!G9,#REF!) -> #N/A | G15: =IF(ISBLANK(Deflatores!H9),"",Deflatores!H9) -> 0.9 | H15: =IF(ISBLANK(Deflatores!I9),"",Deflatores!I9) | I15: =Deflatores!K9 -> #N/A | J15: =IF($L$11<>0,I15/$L$11,"") -> #REF!
B16: =""&Deflatores!B10 -> Migração de Dados | D16: =""&Deflatores!G10 -> PMD | E16: =IF(D16="","",COUNTIF(#REF!,D16)) -> #REF! | F16: =SUMIF(#REF!,Deflatores!G10,#REF!) -> #N/A | G16: =IF(ISBLANK(Deflatores!H10),"",Deflatores!H10) -> 1 | H16: =IF(ISBLANK(Deflatores!I10),"",Deflatores!I10) | I16: =Deflatores!K10 -> #N/A | J16: =IF($L$11<>0,I16/$L$11,"") -> #REF!
B17: =""&Deflatores!B11 -> Corretiva (sem conhecimento do Fator de Impacto) | D17: =""&Deflatores!G11 -> COR | E17: =IF(D17="","",COUNTIF(#REF!,D17)) -> #REF! | F17: =SUMIF(#REF!,Deflatores!G11,#REF!) -> #N/A | G17: =IF(ISBLANK(Deflatores!H11),"",Deflatores!H11) -> 0.5 | H17: =IF(ISBLANK(Deflatores!I11),"",Deflatores!I11) | I17: =Deflatores!K11 -> #N/A | J17: =IF($L$11<>0,I17/$L$11,"") -> #REF!
B18: =""&Deflatores!B12 -> Corretiva (50%) - Fora da garantia (mesma empresa) | D18: =""&Deflatores!G12 -> COR50 | E18: =IF(D18="","",COUNTIF(#REF!,D18)) -> #REF! | F18: =SUMIF(#REF!,Deflatores!G12,#REF!) -> #N/A | G18: =IF(ISBLANK(Deflatores!H12),"",Deflatores!H12) -> 0.5 | H18: =IF(ISBLANK(Deflatores!I12),"",Deflatores!I12) | I18: =Deflatores!K12 -> #N/A | J18: =IF($L$11<>0,I18/$L$11,"") -> #REF!
B19: =""&Deflatores!B13 -> Corretiva (75%) - Fora da garantia (outra empresa) | D19: =""&Deflatores!G13 -> COR75 | E19: =IF(D19="","",COUNTIF(#REF!,D19)) -> #REF! | F19: =SUMIF(#REF!,Deflatores!G13,#REF!) -> #N/A | G19: =IF(ISBLANK(Deflatores!H13),"",Deflatores!H13) -> 0.75 | H19: =IF(ISBLANK(Deflatores!I13),"",Deflatores!I13) | I19: =Deflatores!K13 -> #N/A | J19: =IF($L$11<>0,I19/$L$11,"") -> #REF!
B20: =""&Deflatores!B14 -> Corretiva (75%+15%) - Fora da garantia (outra empresa) + Redocumentação | D20: =""&Deflatores!G14 -> COR90 | E20: =IF(D20="","",COUNTIF(#REF!,D20)) -> #REF! | F20: =SUMIF(#REF!,Deflatores!G14,#REF!) -> #N/A | G20: =IF(ISBLANK(Deflatores!H14),"",Deflatores!H14) -> 0.9 | H20: =IF(ISBLANK(Deflatores!I14),"",Deflatores!I14) | I20: =Deflatores!K14 -> #N/A | J20: =IF($L$11<>0,I20/$L$11,"") -> #REF!
B21: =""&Deflatores!B15 -> Corretiva em Garantia | D21: =""&Deflatores!G15 -> GAR | E21: =IF(D21="","",COUNTIF(#REF!,D21)) -> #REF! | F21: =SUMIF(#REF!,Deflatores!G15,#REF!) -> #N/A | G21: =IF(ISBLANK(Deflatores!H15),"",Deflatores!H15) -> 0 | H21: =IF(ISBLANK(Deflatores!I15),"",Deflatores!I15) | I21: =Deflatores!K15 -> #N/A | J21: =IF($L$11<>0,I21/$L$11,"") -> #REF!
B22: =""&Deflatores!B16 -> Mudança de Plataforma - Linguagem de Programação | D22: =""&Deflatores!G16 -> MLP | E22: =IF(D22="","",COUNTIF(#REF!,D22)) -> #REF! | F22: =SUMIF(#REF!,Deflatores!G16,#REF!) -> #N/A | G22: =IF(ISBLANK(Deflatores!H16),"",Deflatores!H16) -> 1 | H22: =IF(ISBLANK(Deflatores!I16),"",Deflatores!I16) | I22: =Deflatores!K16 -> #N/A | J22: =IF($L$11<>0,I22/$L$11,"") -> #REF!
B23: =""&Deflatores!B17 -> Mudança de Plataforma - Banco de Dados (outro paradigma) | D23: =""&Deflatores!G17 -> MBO | E23: =IF(D23="","",COUNTIF(#REF!,D23)) -> #REF! | F23: =SUMIF(#REF!,Deflatores!G17,#REF!) -> #N/A | G23: =IF(ISBLANK(Deflatores!H17),"",Deflatores!H17) -> 1 | H23: =IF(ISBLANK(Deflatores!I17),"",Deflatores!I17) | I23: =Deflatores!K17 -> #N/A | J23: =IF($L$11<>0,I23/$L$11,"") -> #REF!
B24: =""&Deflatores!B18 -> Mudança de Plataforma - Banco de Dados (mesmo paradigma com alterações) | D24: =""&Deflatores!G18 -> MBM | E24: =IF(D24="","",COUNTIF(#REF!,D24)) -> #REF! | F24: =SUMIF(#REF!,Deflatores!G18,#REF!) -> #N/A | G24: =IF(ISBLANK(Deflatores!H18),"",Deflatores!H18) -> 0.3 | H24: =IF(ISBLANK(Deflatores!I18),"",Deflatores!I18) | I24: =Deflatores!K18 -> #N/A | J24: =IF($L$11<>0,I24/$L$11,"") -> #REF!
B25: =""&Deflatores!B19 -> Atualização de Versão – Linguagem de Programação | D25: =""&Deflatores!G19 -> ALP | E25: =IF(D25="","",COUNTIF(#REF!,D25)) -> #REF! | F25: =SUMIF(#REF!,Deflatores!G19,#REF!) -> #N/A | G25: =IF(ISBLANK(Deflatores!H19),"",Deflatores!H19) -> 0.3 | H25: =IF(ISBLANK(Deflatores!I19),"",Deflatores!I19) | I25: =Deflatores!K19 -> #N/A | J25: =IF($L$11<>0,I25/$L$11,"") -> #REF!
B26: =""&Deflatores!B20 -> Atualização de Versão – Browser | D26: =""&Deflatores!G20 -> AVB | E26: =IF(D26="","",COUNTIF(#REF!,D26)) -> #REF! | F26: =SUMIF(#REF!,Deflatores!G20,#REF!) -> #N/A | G26: =IF(ISBLANK(Deflatores!H20),"",Deflatores!H20) -> 0.3 | H26: =IF(ISBLANK(Deflatores!I20),"",Deflatores!I20) | I26: =Deflatores!K20 -> #N/A | J26: =IF($L$11<>0,I26/$L$11,"") -> #REF!
... B44: =""&Deflatores!B38 | D44: =""&Deflatores!G38 -> . | E44: =IF(D44="","",COUNTIF(#REF!,D44)) -> #REF! | F44: =SUMIF(#REF!,Deflatores!G38,#REF!) -> #N/A | G44: =IF(ISBLANK(Deflatores!H38),"",Deflatores!H38) | H44: =IF(ISBLANK(Deflatores!I38),"",Deflatores!I38) | I44: =Deflatores!K38 -> #REF! | J44: =IF($L$11<>0,I44/$L$11,"") -> #REF!
B46: Itens não Funcionais (Tipo de Função) | E46: Quantidade | H46: Contrib. Fixa | I46: PF Local da FS | J46: % LOCAL
B47: =""&Deflatores!B42 -> Páginas Estáticas | D47: =""&Deflatores!G42 -> PAG | E47: =Deflatores!J42 -> #REF! | H47: =IF(ISBLANK(Deflatores!H42),"",Deflatores!H42) -> 0.6 | I47: =IF(ISNUMBER(H47),E47*H47,"") -> #REF! | J47: =IF(ISNUMBER(I47),IF($L$11<>0,I47/$L$11,""),"")
B48: =""&Deflatores!B43 -> Manutenção Cosmética (atrelada a algo não funcional) | D48: =""&Deflatores!G43 -> COSNF | E48: =Deflatores!J43 -> #REF! | H48: =IF(ISBLANK(Deflatores!H43),"",Deflatores!H43) -> 0.6 | I48: =IF(ISNUMBER(H48),E48*H48,"") -> #REF! | J48: =IF(ISNUMBER(I48),IF($L$11<>0,I48/$L$11,""),"")
B49: =""&Deflatores!B44 -> Dados de Código | D49: =""&Deflatores!G44 -> DC | E49: =Deflatores!J44 -> #REF! | H49: =IF(ISBLANK(Deflatores!H44),"",Deflatores!H44) -> 0 | I49: =IF(ISNUMBER(H49),E49*H49,"") -> #REF! | J49: =IF(ISNUMBER(I49),IF($L$11<>0,I49/$L$11,""),"")
B50: =""&Deflatores!B45 | D50: =""&Deflatores!G45 -> . | E50: =Deflatores!J45 -> #REF! | H50: =IF(ISBLANK(Deflatores!H45),"",Deflatores!H45) | I50: =IF(ISNUMBER(H50),E50*H50,"") | J50: =IF(ISNUMBER(I50),IF($L$11<>0,I50/$L$11,""),"")
B51: =""&Deflatores!B46 | D51: =""&Deflatores!G46 -> . | E51: =Deflatores!J46 -> #REF! | H51: =IF(ISBLANK(Deflatores!H46),"",Deflatores!H46) | I51: =IF(ISNUMBER(H51),E51*H51,"") | J51: =IF(ISNUMBER(I51),IF($L$11<>0,I51/$L$11,""),"")
B52: =""&Deflatores!B47 | D52: =""&Deflatores!G47 -> . | E52: =Deflatores!J47 -> #REF! | H52: =IF(ISBLANK(Deflatores!H47),"",Deflatores!H47) | I52: =IF(ISNUMBER(H52),E52*H52,"") | J52: =IF(ISNUMBER(I52),IF($L$11<>0,I52/$L$11,""),"")
B53: =""&Deflatores!B48 | D53: =""&Deflatores!G48 -> . | E53: =Deflatores!J48 -> #REF! | H53: =IF(ISBLANK(Deflatores!H48),"",Deflatores!H48) | I53: =IF(ISNUMBER(H53),E53*H53,"") | J53: =IF(ISNUMBER(I53),IF($L$11<>0,I53/$L$11,""),"")
B54: =""&Deflatores!B49 | D54: =""&Deflatores!G49 -> . | E54: =Deflatores!J49 -> #REF! | H54: =IF(ISBLANK(Deflatores!H49),"",Deflatores!H49) | I54: =IF(ISNUMBER(H54),E54*H54,"") | J54: =IF(ISNUMBER(I54),IF($L$11<>0,I54/$L$11,""),"")
B55: =""&Deflatores!B50 | D55: =""&Deflatores!G50 -> . | E55: =Deflatores!J50 -> #REF! | H55: =IF(ISBLANK(Deflatores!H50),"",Deflatores!H50) | I55: =IF(ISNUMBER(H55),E55*H55,"") | J55: =IF(ISNUMBER(I55),IF($L$11<>0,I55/$L$11,""),"")
B56: =""&Deflatores!B51 | D56: =""&Deflatores!G51 -> . | E56: =Deflatores!J51 -> #REF! | H56: =IF(ISBLANK(Deflatores!H51),"",Deflatores!H51) | I56: =IF(ISNUMBER(H56),E56*H56,"") | J56: =IF(ISNUMBER(I56),IF($L$11<>0,I56/$L$11,""),"")
B57: =""&Deflatores!B52 | D57: =""&Deflatores!G52 -> . | E57: =Deflatores!J52 -> #REF! | H57: =IF(ISBLANK(Deflatores!H52),"",Deflatores!H52) | I57: =IF(ISNUMBER(H57),E57*H57,"") | J57: =IF(ISNUMBER(I57),IF($L$11<>0,I57/$L$11,""),"")
B58: =""&Deflatores!B53 | D58: =""&Deflatores!G53 -> . | E58: =Deflatores!J53 -> #REF! | H58: =IF(ISBLANK(Deflatores!H53),"",Deflatores!H53) | I58: =IF(ISNUMBER(H58),E58*H58,"") | J58: =IF(ISNUMBER(I58),IF($L$11<>0,I58/$L$11,""),"")
... B69: =""&Deflatores!B64 | D69: =""&Deflatores!G64 -> . | E69: =Deflatores!J64 -> #REF! | H69: =IF(ISBLANK(Deflatores!H64),"",Deflatores!H64) | I69: =IF(ISNUMBER(H69),E69*H69,"") | J69: =IF(ISNUMBER(I69),IF($L$11<>0,I69/$L$11,""),"")
